author_name,quote_text,quote_furigana,category_name
オスカー・ワイルド,我々は皆どぶの中にいるが、星を見上げている者もいる。,われわれはみなどぶのなかにいるが、ほしをみあげているものもいる。,哲学
オスカー・ワイルド,経験とは、誰もが自分の失敗につける名前である。,けいけんとは、だれもがじぶんのしっぱいにつけるなまえである。,逆境
オスカー・ワイルド,愛とは、自分よりもよくない人間を愛することから始まる。,あいとは、じぶんよりもよくないにんげんをあいすることからはじまる。,愛
オスカー・ワイルド,流行とは、あまりに醜いものなので、六ヶ月ごとに変えなくてはならないものだ。,りゅうこうとは、あまりにみにくいものなので、ろっかげつごとにかえなくてはならないものだ。,皮肉
オスカー・ワイルド,幸福の秘訣は、好きでもないことを好きになることである。,こうふくのひけつは、すきでもないことをすきになることである。,幸福
オスカー・ワイルド,芸術の敵は無知な人ではない。少しばかり教養のある人である。,げいじゅつのてきはむちなひとではない。すこしばかりきょうようのあるひとである。,表現
オスカー・ワイルド,真の友人とは、あなたが間違いを犯した時に、それでもあなたを信じてくれる人である。,しんのゆうじんとは、あなたがまちがいをおかしたときに、それでもあなたをしんじてくれるひとである。,友情
オスカー・ワイルド,良心とは、他人が見ているかもしれないという恐怖心である。,りょうしんとは、たにんがみているかもしれないというきょうふしんである。,機知
オスカー・ワイルド,人生で重要なのは、何を得るかではなく、何を諦めるかである。,じんせいでじゅうようなのは、なにをえるかではなく、なにをあきらめるかである。,哲学
オスカー・ワイルド,教育とは、立派なことを立派でないやり方で身につけることである。,きょういくとは、りっぱなことをりっぱでないやりかたでみにつけることである。,学び
オスカー・ワイルド,疑うことは、信じることよりも多くの勇気を必要とする。,うたがうことは、しんじることよりもおおくのゆうきをひつようとする。,挑戦
オスカー・ワイルド,美しいものに見とれている時間は、決して無駄ではない。,うつくしいものにみとれているじかんは、けっしてむだではない。,想像力
オスカー・ワイルド,仕事は飲んだくれの避難所である。,しごとはのんだくれのひなんじょである。,ユーモア
オスカー・ワイルド,若い頃の過ちは、老いてからの美徳である。,わかいころのあやまちは、おいてからのびとくである。,風刺
オスカー・ワイルド,人は自分が理解できないものを軽蔑する。,ひとはじぶんがりかいできないものをけいべつする。,教養
オスカー・ワイルド,成功の秘訣は、誠実であることだ。これを偽ることができれば、あなたは成功したも同然だ。,せいこうのひけつは、せいじつであることだ。これをいつわることができれば、あなたはせいこうしたもどうぜんだ。,成功
オスカー・ワイルド,人生は重要すぎるものなので、真剣に論じるべきではない。,じんせいはじゅうようすぎるものなので、しんけんにろんじるべきではない。,笑い
ヴォルテール,常識は決して常識的ではない。,じょうしきはけっしてじょうしきてきではない。,機知
ヴォルテール,疑うことは不快である。しかし、確信することはばかげている。,うたがうことはふかいである。しかし、かくしんすることはばかげている。,知識
ヴォルテール,自由とは、正しいことをする権利である。,じゆうとは、ただしいことをするけんりである。,哲学
ヴォルテール,偏見とは、理性を持たない意見である。,へんけんとは、りせいをもたないいけんである。,教養
ヴォルテール,労働は、三つの大きな悪から人を救う。退屈と悪徳と貧困である。,ろうどうは、みっつのおおきなあくからひとをすくう。たいくつとあくとくとひんこんである。,努力
ヴォルテール,雄弁は思考の絵画である。,ゆうべんはしこうのかいがである。,表現
ヴォルテール,完璧は善の敵である。,かんぺきはぜんのてきである。,成功
ヴォルテール,読書は精神を豊かにし、会話は精神を敏捷にし、書くことは精神を正確にする。,どくしょはせいしんをゆたかにし、かいわはせいしんをびんしょうにし、かくことはせいしんをせいかくにする。,学び
ヴォルテール,愚かな者は、自分の不幸を運命のせいにする。賢い者は、自分の不幸を自分のせいにする。,おろかなものは、じぶんのふこうをうんめいのせいにする。かしこいものは、じぶんのふこうをじぶんのせいにする。,逆境
ヴォルテール,友情の最大の努力は、自分の欠点を友達に示すことではなく、彼の欠点を彼に気づかせることである。,ゆうじょうのさいだいのどりょくは、じぶんのけってんをともだちにしめすことではなく、かれのけってんをかれにきづかせることである。,友情
ヴォルテール,判断は理解よりも遅れてやってくる。,はんだんはりかいよりもおくれてやってくる。,知識
ヴォルテール,楽観主義者とは、すべてが最良であると信じる人である。悲観主義者とは、楽観主義者が正しいと恐れる人である。,らっかんしゅぎしゃとは、すべてがさいりょうであるとしんじるひとである。ひかんしゅぎしゃとは、らっかんしゅぎしゃがただしいとおそれるひとである。,ユーモア
ヴォルテール,神は人間に舌をひとつ、耳をふたつ与えた。それは話すことの二倍聞くためである。,かみはにんげんにしたをひとつ、みみをふたつあたえた。それははなすことのにばいきくためである。,教え
ヴォルテール,政府の技術は、人々を不平を言わせることなく、可能な限り多くのお金を奪うことである。,せいふのぎじゅつは、ひとびとをふへいをいわせることなく、かのうなかぎりおおくのおかねをうばうことである。,風刺
ヴォルテール,思想の自由ほど貴重なものはない。そして、それほど危険なものもない。,しそうのじゆうほどきちょうなものはない。そして、それほどきけんなものもない。,リーダーシップ
ヴォルテール,真実を語ることは危険である。特に、それを聞きたがらない人々に対しては。,しんじつをかたることはきけんである。とくに、それをききたがらないひとびとにたいしては。,挑戦
ヴォルテール,人生は短すぎるので、小さな恨みを抱いている暇はない。,じんせいはみじかすぎるので、ちいさなうらみをいだいているひまはない。,幸福
夏目漱石,智に働けば角が立つ。情に棹させば流される。意地を通せば窮屈だ。とかくに人の世は住みにくい。,ちにはたらけばかどがたつ。じょうにさおさせばながされる。いじをとおせばきゅうくつだ。とかくにひとのよはすみにくい。,哲学
夏目漱石,自己を尊敬しない人間は、決して他人を尊敬することはできない。,じこをそんけいしないにんげんは、けっしてたにんをそんけいすることはできない。,信頼
夏目漱石,悟りといふ事は、いかなる場合にも平気で死ぬる事かと思つて居たのは間違ひで、悟りとはいかなる場合にも平気で生きて居る事であつた。,さとりということは、いかなるばあいにもへいきでしぬることかとおもっていたのはまちがいで、さとりとはいかなるばあいにもへいきでいきていることであった。,悟り
夏目漱石,真面目とは君の事業に忠実なる事である。,まじめとはきみのじぎょうにちゅうじつなることである。,努力
夏目漱石,個性は貴いものである。しかし個性を尊重すると云う事と、個性を発達させると云う事は別問題である。,こせいはとうといものである。しかしこせいをそんちょうするということと、こせいをはったつさせるということはべつもんだいである。,学び
夏目漱石,楽は苦の種で苦は楽の種である。,らくはくのたねでくはらくのたねである。,逆境
夏目漱石,恋は罪悪である。しかし犯さずにはいられない罪悪である。,こいはざいあくである。しかしおかさずにはいられないざいあくである。,愛
夏目漱石,門を出づれば我れ即ち主人なり。,もんをいづればわれすなわちしゅじんなり。,挑戦
夏目漱石,人間の目的は生まれた以上はよく生きる事である。よく生きるとは自分を生かす事である。,にんげんのもくてきはうまれたいじょうはよくいきることである。よくいきるとはじぶんをいかすことである。,幸福
夏目漱石,文芸は人間の心を通じて人間の心に働きかけるものである。,ぶんげいはにんげんのこころをつうじてにんげんのこころにはたらきかけるものである。,文学
夏目漱石,吾輩は猫である。名前はまだ無い。どこで生れたかとんと見当がつかぬ。,わがはいはねこである。なまえはまだない。どこでうまれたかとんとけんとうがつかぬ。,ユーモア
夏目漱石,先生の事業は夫婦が互に相愛して子を育て上げるより外に何もありはしない。,せんせいのじぎょうはふうふがたがいにそうあいしてこをそだてあげるよりほかになにもありはしない。,家族
夏目漱石,人間は好きになったり嫌いになったりする自由を持っている。,にんげんはすきになったりきらいになったりするじゆうをもっている。,感謝
夏目漱石,自分の弱い所を見せるのは、親切を他人に求める為である。,じぶんのよわいところをみせるのは、しんせつをたにんにもとめるためである。,絆
夏目漱石,世の中はしつこい、毒々しい、こせこせした、その上ずうずうしい、いやな奴で埋っている。,よのなかはしつこい、どくどくしい、こせこせした、そのうえずうずうしい、いやなやつでうまっている。,風刺
夏目漱石,人間は必ず死ぬという事を忘れては生きて行けない。,にんげんはかならずしぬということをわすれてはいきていけない。,魂
夏目漱石,親譲りの無鉄砲で小供の時から損ばかりしている。,おやゆずりのむてっぽうでこどものときからそんばかりしている。,笑い
太宰治,恥の多い生涯を送って来ました。,はじのおおいしょうがいをおくってきました。,哲学
太宰治,人間は恋と革命のために生まれてきたのだ。,にんげんはこいとかくめいのためにうまれてきたのだ。,愛
太宰治,生まれて、すみません。,うまれて、すみません。,ユーモア
太宰治,幸福感というものは、悲哀の川の底に沈んでキラリと光っている砂金のようなものではないだろうか。,こうふくかんというものは、ひあいのかわのそこにしずんできらりとひかっているさきんのようなものではないだろうか。,幸福
太宰治,疑いながら、なおかつ走り続けている。それが、私の生きかたであった。,うたがいながら、なおかつはしりつづけている。それが、わたしのいきかたであった。,挑戦
太宰治,信頼していた人に裏切られるのは、まだ、いい。信頼していなかった人に裏切られると、やけに、こたえるものだ。,しんらいしていたひとにうらぎられるのは、まだ、いい。しんらいしていなかったひとにうらぎられると、やけに、こたえるものだ。,信頼
太宰治,愛は、この世に存在する。きっと、ある。愛は、ひとのこころを明るくする。,あいは、このよにそんざいする。きっと、ある。あいは、ひとのこころをあかるくする。,愛
太宰治,人間は、誰でも不幸である。不幸であるからこそ、互いにいたわり合い、助け合っていこうとする。,にんげんは、だれでもふこうである。ふこうであるからこそ、たがいにいたわりあい、たすけあっていこうとする。,絆
太宰治,弱虫は、幸福をさえ恐れるのです。綿で怪我をするのです。,よわむしは、こうふくをさえおそれるのです。わたでけがをするのです。,逆境
太宰治,酒を飲んで騒ぐのは、人間として恥ずかしいことではない。,さけをのんでさわぐのは、にんげんとしてはずかしいことではない。,笑い
太宰治,文学は、愛である。恋愛ではない。愛である。,ぶんがくは、あいである。れんあいではない。あいである。,文学
太宰治,怒らない人は、愛さない人である。,おこらないひとは、あいさないひとである。,友情
太宰治,人は人を喜ばせるのが、何よりも好きなのである。,ひとはひとをよろこばせるのが、なによりもすきなのである。,感謝
太宰治,家庭は、女の生命である。けれども、それだけでは、女の生命は、安っぽい。,かていは、おんなのせいめいである。けれども、それだけでは、おんなのせいめいは、やすっぽい。,家族
太宰治,美に対する感受性を失ったら、その人の恋愛は、もはや終わりである。,びにたいするかんじゅせいをうしなったら、そのひとのれんあいは、もはやおわりである。,想像力
太宰治,ものを書くという事は、自分を客観視することである。,ものをかくということは、じぶんをきゃっかんしすることである。,表現
太宰治,真の芸術は、破滅の中から、かえって新しい生命を見つけ出すものである。,しんのげいじゅつは、はめつのなかから、かえってあたらしいせいめいをみつけだすものである。,創造性
森鴎外,理想を持って現実を歩む。,りそうをもってげんじつをあゆむ。,目標設定
森鴎外,人は一代、名は末代。,ひとはいちだい、なはまつだい。,成功
森鴎外,知識は、それを活用する知恵があって初めて意味を持つ。,ちしきは、それをかつようするちえがあってはじめていみをもつ。,知識
森鴎外,西洋の合理主義と東洋の情緒とを融合させることこそが、真の文明である。,せいようのごうりしゅぎととうようのじょうちょとをゆうごうさせることこそが、しんのぶんめいである。,教養
森鴎外,学問は人格を養うためのものでなければならない。,がくもんはじんかくをやしなうためのものでなければならない。,学び
森鴎外,真の勇気とは、恐怖を感じながらも正しいことを行うことである。,しんのゆうきとは、きょうふをかんじながらもただしいことをおこなうことである。,挑戦
森鴎外,人は死して名を残す。,ひとはししてなをのこす。,努力
森鴎外,芸術は長く、人生は短い。されど、芸術によって人生は永遠となる。,げいじゅつはながく、じんせいはみじかい。されど、げいじゅつによってじんせいはえいえんとなる。,表現
森鴎外,明治は遠くなりにけり。されど、その精神は受け継がれねばならない。,めいじはとおくなりにけり。されど、そのせいしんはうけつがれねばならない。,進歩
森鴎外,医学と文学、この二つの道を歩むことで、人間をより深く理解することができる。,いがくとぶんがく、このふたつのみちをあゆむことで、にんげんをよりふかくりかいすることができる。,文学
森鴎外,美しいものは永遠である。それゆえに芸術は不滅なのだ。,うつくしいものはえいえんである。それゆえにげいじゅつはふめつなのだ。,想像力
森鴎外,国際的な視野を持ちながら、日本人としての誇りを忘れてはならない。,こくさいてきなしやをもちながら、にほんじんとしてのほこりをわすれてはならない。,リーダーシップ
森鴎外,家族の絆こそが、人生の最も確かな支えである。,かぞくのきずなこそが、じんせいのもっともたしかなささえである。,家族
森鴎外,文明開化とは、単に西洋の模倣ではない。日本独自の道を見つけることである。,ぶんめいかいかとは、たんにせいようのもほうではない。にほんどくじのみちをみつけることである。,哲学
森鴎外,信念を貫くことは困難である。しかし、それなくして人生に意味はない。,しんねんをつらぬくことはこんなんである。しかし、それなくしてじんせいにいみはない。,信頼
森鴎外,過去に学び、現在に生き、未来に希望を託す。これが人間の生き方である。,かこにまなび、げんざいにいき、みらいにきぼうをたくす。これがにんげんのいきかたである。,希望
森鴎外,教養とは、単なる知識の蓄積ではない。人格の陶冶である。,きょうようとは、たんなるちしきのちくせきではない。じんかくのとうやである。,教養
芥川龍之介,人生は地獄よりも地獄的である。,じんせいはじごくよりもじごくてきである。,哲学
芥川龍之介,完全に絶望することは、完全に信ずることと同じように、我々に許されない贅沢である。,かんぜんにぜつぼうすることは、かんぜんにしんずることとおなじように、われわれにゆるされないぜいたくである。,逆境
芥川龍之介,芸術的良心とは、最もよく嘘をつく良心である。,げいじゅつてきりょうしんとは、もっともよくうそをつくりょうしんである。,表現
芥川龍之介,天才とは、継続する情熱である。,てんさいとは、けいぞくするじょうねつである。,創造性
芥川龍之介,我々人間は互いに理解し合えない悲しい生物である。,われわれにんげんはたがいにりかいしあえないかなしいせいぶつである。,絆
芥川龍之介,恋は自惚れと好奇心と食欲とのようなものである。,こいはうぬぼれとこうきしんとしょくよくとのようなものである。,愛
芥川龍之介,人間らしく生きる道は、微笑を絶やさぬことである。,にんげんらしくいきるみちは、びしょうをたやさぬことである。,幸福
芥川龍之介,良心は我々の感情に過ぎない。,りょうしんはわれわれのかんじょうにすぎない。,機知
芥川龍之介,弱い者ほど相手を許すことができない。許すということは、強さの証拠である。,よわいものほどあいてをゆるすことができない。ゆるすということは、つよさのしょうこである。,信頼
芥川龍之介,侏儒の言葉は長くとも、巨人の沈黙ほど雄弁ではない。,しゅじゅのことばはながくとも、きょじんのちんもくほどゆうべんではない。,風刺
芥川龍之介,人生を幸福にするのは、困難との戦いである。,じんせいをこうふくにするのは、こんなんとのたたかいである。,挑戦
芥川龍之介,我々は常に自分自身を偽っている。,われわれはつねにじぶんじしんをいつわっている。,皮肉
芥川龍之介,最も確実な自殺は、芸術的良心を殺すことである。,もっともかくじつなじさつは、げいじゅつてきりょうしんをころすことである。,文学
芥川龍之介,人間は何のために生きているかなんて、わからないものだ。,にんげんはなんのためにいきているかなんて、わからないものだ。,魂
芥川龍之介,愚者は愚者なりに、やはり愚者なりの生活に慣れるものである。,ぐしゃはぐしゃなりに、やはりぐしゃなりのせいかつになれるものである。,ユーモア
芥川龍之介,真実ほど人を欺くものはない。,しんじつほどひとをあざむくものはない。,知識
アーネスト・ヘミングウェイ,人は負けるために生まれてきたのではない。,ひとはまけるためにうまれてきたのではない。,挑戦
アーネスト・ヘミングウェイ,勇気とは、圧力の下での優雅さである。,ゆうきとは、あつりょくのしたでのゆうがさである。,勝利
アーネスト・ヘミングウェイ,世界は美しい場所であり、そのために戦う価値がある。,せかいはうつくしいばしょであり、そのためにたたかうかちがある。,自然
アーネスト・ヘミングウェイ,人生で最も困難なことは、何が価値があり、何が価値がないかを知ることである。,じんせいでもっともこんなんなことは、なにがかちがあり、なにがかちがないかをしることである。,哲学
アーネスト・ヘミングウェイ,書くことに必要なのは、タイプライターと血だけだ。,かくことにひつようなのは、たいぷらいたーとちだけだ。,文学
アーネスト・ヘミングウェイ,第一稿はすべてたわごとである。,だいいちこうはすべてたわごとである。,努力
アーネスト・ヘミングウェイ,最も良い方法は、立ち上がって書くことである。,もっともよいほうほうは、たちあがってかくことである。,目標達成
アーネスト・ヘミングウェイ,今は良い時間ではない。でも、それが我々にある全ての時間だ。,いまはよいじかんではない。でも、それがわれわれにあるすべてのじかんだ。,逆境
アーネスト・ヘミングウェイ,友情を作る最良の方法は、友人になることである。,ゆうじょうをつくるさいりょうのほうほうは、ゆうじんになることである。,友情
アーネスト・ヘミングウェイ,恐怖が人を殺すのは、病気が人を殺すよりも多い。,きょうふがひとをころすのは、びょうきがひとをころすよりもおおい。,忍耐
アーネスト・ヘミングウェイ,人は皆、壊れる。しかし、多くの人は壊れた場所で強くなる。,ひとはみな、こわれる。しかし、おおくのひとはこわれたばしょでつよくなる。,希望
アーネスト・ヘミングウェイ,愛は戦場である。勝者も敗者もない。,あいはせんじょうである。しょうしゃもはいしゃもない。,愛
アーネスト・ヘミングウェイ,酒は人に真実を語らせる。,さけはひとにしんじつをかたらせる。,ユーモア
アーネスト・ヘミングウェイ,パリは移動する祝祭である。,ぱりはいどうするしゅくさいである。,想像力
アーネスト・ヘミングウェイ,漁師にとって大切なのは、魚を釣ることではなく、釣りをすることである。,りょうしにとってたいせつなのは、さかなをつることではなく、つりをすることである。,生命
アーネスト・ヘミングウェイ,書く技術を習得する最良の方法は、優秀な作家の作品を読むことである。,かくぎじゅつをしゅうとくするさいりょうのほうほうは、ゆうしゅうなさっかのさくひんをよむことである。,学び
ベンジャミン・フランクリン,時は金なり。,じはかねなり。,効率化
ベンジャミン・フランクリン,早寝早起きは、人を健康で裕福で賢明にする。,はやねはやおきは、ひとをけんこうでゆうふくでけんめいにする。,成功
ベンジャミン・フランクリン,準備に失敗することは、失敗の準備をすることだ。,じゅんびにしっぱいすることは、しっぱいのじゅんびをすることだ。,目標設定
ベンジャミン・フランクリン,投資は知識に対して最高の利子を払う。,とうしはちしきにたいしてさいこうのりしをはらう。,学び
ベンジャミン・フランクリン,経験は高い学校だが、愚者はそこでしか学ばない。,けいけんはたかいがっこうだが、ぐしゃはそこでしかまなばない。,知識
ベンジャミン・フランクリン,人間の幸福は、めったに大きな好運によるものではなく、毎日の小さな便利なことの積み重ねによるものである。,にんげんのこうふくは、めったにおおきなこううんによるものではなく、まいにちのちいさなべんりなことのつみかさねによるものである。,幸福
ベンジャミン・フランクリン,三人が秘密を守ることができるのは、そのうち二人が死んでいる時だけだ。,さんにんがひみつをまもることができるのは、そのうちふたりがしんでいるときだけだ。,ユーモア
ベンジャミン・フランクリン,エネルギーと忍耐は、全てを征服する。,えねるぎーとにんたいは、すべてをせいふくする。,忍耐
ベンジャミン・フランクリン,告白することは半分の美徳である。,こくはくすることははんぶんのびとくである。,信頼
ベンジャミン・フランクリン,怒りは決して理由なしには起こらない。しかし、その理由がいつも良いとは限らない。,いかりはけっしてりゆうなしにはおこらない。しかし、そのりゆうがいつもよいとはかぎらない。,機知
ベンジャミン・フランクリン,発明は母であり、必要は悪賢い父である。,はつめいははぼであり、ひつようはわるがしこいちちである。,発明
ベンジャミン・フランクリン,正直は最良の政策である。,しょうじきはさいりょうのせいさくである。,リーダーシップ
ベンジャミン・フランクリン,一つのポケットから別のポケットへお金を移すだけでは、決して自分を豊かにはできない。,ひとつのぽけっとからべつのぽけっとへおかねをうつすだけでは、けっしてじぶんをゆたかにはできない。,起業
ベンジャミン・フランクリン,疑いは学問の鍵である。,うたがいはがくもんのかぎである。,科学
ベンジャミン・フランクリン,客と魚は三日で臭くなる。,きゃくとさかなはみっかでくさくなる。,風刺
ベンジャミン・フランクリン,健康は富である。そして、富よりもそれは貴重である。,けんこうはとみである。そして、とみよりもそれはきちょうである。,感謝
バートランド・ラッセル,愚者は確信に満ち、賢者は疑念に満ちている。,ぐしゃはかくしんにみち、けんじゃはぎねんにみちている。,知識
バートランド・ラッセル,問題は、愚かな人々が非常に自信に満ちていて、賢い人々が疑いに満ちていることだ。,もんだいは、おろかなひとびとがひじょうにじしんにみちていて、かしこいひとびとがうたがいにみちていることだ。,機知
バートランド・ラッセル,数学は、正しく見ると、真実だけでなく至高の美を持っている。,すうがくは、ただしくみると、しんじつだけでなくしこうのびをもっている。,科学
バートランド・ラッセル,幸福な人生の秘訣は、多くの関心事を持つことである。,こうふくなじんせいのひけつは、おおくのかんしんじをもつことである。,幸福
バートランド・ラッセル,恐怖は迷信、残酷、暴政の主な源である。,きょうふはめいしん、ざんこく、ぼうせいのしゅなみなもとである。,逆境
バートランド・ラッセル,愛は賢明であり、憎しみは愚かである。,あいはけんめいであり、にくしみはおろかである。,愛
バートランド・ラッセル,良い人生は愛に導かれ、知識によって照らされる。,よいじんせいはあいにみちびかれ、ちしきによっててらされる。,哲学
バートランド・ラッセル,過去について後悔することも、未来について心配することもない人だけが、真に現在を生きている。,かこについてこうかいすることも、みらいについてしんぱいすることもないひとだけが、しんにげんざいをいきている。,感謝
バートランド・ラッセル,戦争は政治家の言葉の失敗から生まれる。,せんそうはせいじかのことばのしっぱいからうまれる。,リーダーシップ
バートランド・ラッセル,教育の目的は、空っぽの器を満たすことではなく、炎を灯すことである。,きょういくのもくてきは、からっぽのうつわをみたすことではなく、ほのおをともすことである。,学び
バートランド・ラッセル,科学は、我々が知っていることであり、哲学は、我々が知らないことである。,かがくは、われわれがしっていることであり、てつがくは、われわれがしらないことである。,教養
バートランド・ラッセル,正しい意見を持つことは、それを表現する勇気を持つことより簡単である。,ただしいいけんをもつことは、それをひょうげんするゆうきをもつことよりかんたんである。,挑戦
バートランド・ラッセル,人間は理性的な動物であるという命題は、歴史上最も偽の命題である。,にんげんはりせいてきなどうぶつであるというめいだいは、れきしじょうもっともぎのめいだいである。,皮肉
バートランド・ラッセル,人生において最も重要なことは、どこに向かっているかではなく、どこにいるかを知ることである。,じんせいにおいてもっともじゅうようなことは、どこにむかっているかではなく、どこにいるかをしることである。,目標設定
バートランド・ラッセル,人間の歴史の大部分は、少数の人々の情熱によって作られてきた。,にんげんのれきしのだいぶぶんは、しょうすうのひとびとのじょうねつによってつくられてきた。,希望
バートランド・ラッセル,笑いは最高の薬である。特に、自分自身について笑うことができる時は。,わらいはさいこうのくすりである。とくに、じぶんじしんについてわらうことができるときは。,笑い
フリードリヒ・ニーツェ,なぜ生きるのかを知っている者は、たいていどのように生きることにも耐える。,なぜいきるのかをしっているものは、たいていどのようにいきることにもたえる。,哲学
フリードリヒ・ニーツェ,自分自身を愛することから始めよ。自分を愛せない者は他人を愛することはできない。,じぶんじしんをあいすることからはじめよ。じぶんをあいせないものはたにんをあいすることはできない。,愛
フリードリヒ・ニーツェ,深淵をのぞく時、深淵もまたこちらをのぞいているのだ。,しんえんをのぞくとき、しんえんもまたこちらをのぞいているのだ。,哲学
フリードリヒ・ニーツェ,人間は自分が思っているほど弱くもなければ、思っているほど強くもない。,にんげんはじぶんがおもっているほどよわくもなければ、おもっているほどつよくもない。,逆境
フリードリヒ・ニーツェ,私を殺さないものは、私をより強くする。,わたしをころさないものは、わたしをよりつよくする。,逆境
フリードリヒ・ニーツェ,真の男は戦いを求める。戦いが見つからない時は、それを作り出す。,しんのおとこはたたかいをもとめる。たたかいがみつからないときは、それをつくりだす。,挑戦
フリードリヒ・ニーツェ,踊るように生きよ。まるで誰も見ていないかのように。,おどるようにいきよ。まるでだれもみていないかのように。,幸福
フリードリヒ・ニーツェ,知識とは、無知の洗練された形である。,ちしきとは、むちのせんれんされたかたちである。,知識
フリードリヒ・ニーツェ,音楽なしには人生は誤りであろう。,おんがくなしにはじんせいはあやまりであろう。,音楽
フリードリヒ・ニーツェ,希望とは最悪の災いの一つである。なぜなら人間の苦しみを長引かせるからだ。,きぼうとはさいあくのわざわいのひとつである。なぜならにんげんのくるしみをながびかせるからだ。,希望
フリードリヒ・ニーツェ,狂気は個人には稀だが、集団では日常茶飯事である。,きょうきはこじんにはまれだが、しゅうだんではにちじょうさはんじである。,哲学
フリードリヒ・ニーツェ,人生は学校である。そこでは幸福より不幸の方が良い教師である。,じんせいはがっこうである。そこではこうふくよりふこうのほうがよいきょうしである。,学び
フリードリヒ・ニーツェ,怪物と戦う者は、その過程で自分自身も怪物になることのないよう気をつけねばならない。,かいぶつとたたかうものは、そのかていでじぶんじしんもかいぶつになることのないようきをつけねばならない。,哲学
フリードリヒ・ニーツェ,忘却の技術は、人生の技術の一部である。,ぼうきゃくのぎじゅつは、じんせいのぎじゅつのいちぶである。,哲学
フリードリヒ・ニーツェ,成熟とは、子どもの頃に遊びの中で示したあの真剣さを再び見出すことである。,せいじゅくとは、こどものころにあそびのなかでしめしたあのしんけんさをふたたびみいだすことである。,成功
フリードリヒ・ニーツェ,運命を愛せよ。これが私の最後の愛である。,うんめいをあいせよ。これがわたしのさいごのあいである。,愛
フリードリヒ・ニーツェ,事実というものは存在しない。存在するのは解釈だけである。,じじつというものはそんざいしない。そんざいするのはかいしゃくだけである。,哲学
アルベルト・アインシュタイン,想像力は知識よりも重要だ。知識には限界があるが、想像力は世界を包み込む。,そうぞうりょくはちしきよりもじゅうようだ。ちしきにはげんかいがあるが、そうぞうりょくはせかいをつつみこむ。,創造性
アルベルト・アインシュタイン,私は天才ではない。ただ、他の人より長く一つの問題と付き合っているだけだ。,わたしはてんさいではない。ただ、ほかのひとよりながくひとつのもんだいとつきあっているだけだ。,学び
アルベルト・アインシュタイン,神はサイコロを振らない。,かみはさいころをふらない。,科学
アルベルト・アインシュタイン,学習する喜びを一度でも味わった人間は、決して学習をやめることはない。,がくしゅうするよろこびをいちどでもあじわったにんげんは、けっしてがくしゅうをやめることはない。,学び
アルベルト・アインシュタイン,問題を生み出した同じ思考レベルでは、その問題を解決することはできない。,もんだいをうみだしたおなじしこうれべるでは、そのもんだいをかいけつすることはできない。,知識
アルベルト・アインシュタイン,人は他者に奉仕することで初めて価値を持つ。,ひとはたしゃにほうしすることではじめてかちをもつ。,感謝
アルベルト・アインシュタイン,成功の秘訣は、失敗を恐れないことである。,せいこうのひけつは、しっぱいをおそれないことである。,成功
アルベルト・アインシュタイン,宇宙について最も理解できないことは、それが理解できるということだ。,うちゅうについてもっともりかいできないことは、それがりかいできるということだ。,宇宙
アルベルト・アインシュタイン,平和は力では保てない。理解によってのみ達成できる。,へいわはちからではたもてない。りかいによってのみたっせいできる。,哲学
アルベルト・アインシュタイン,真の知恵は経験の中にのみ存在する。,しんのちえはけいけんのなかにのみそんざいする。,知識
アルベルト・アインシュタイン,好奇心は聖なる感情である。,こうきしんはせいなるかんじょうである。,学び
アルベルト・アインシュタイン,現実は単なる幻想にすぎない。しかし非常に持続性のある幻想だ。,げんじつはたんなるげんそうにすぎない。しかしひじょうにじぞくせいのあるげんそうだ。,哲学
アルベルト・アインシュタイン,人生とは自転車のようなものだ。倒れないようにするには走り続けなければならない。,じんせいとはじてんしゃのようなものだ。たおれないようにするにははしりつづけなければならない。,哲学
アルベルト・アインシュタイン,時は存在しない。私たちが時を感じるのは物事が変化するからだ。,じはそんざいしない。わたしたちがじをかんじるのはものごとがへんかするからだ。,科学
アルベルト・アインシュタイン,愚か者と天才の違いといえば、天才には限度があることだ。,おろかものとてんさいのちがいといえば、てんさいにはげんどがあることだ。,ユーモア
アルベルト・アインシュタイン,重要なことは、疑問を持ち続けることだ。,じゅうようなことは、ぎもんをもちつづけることだ。,学び
アルベルト・アインシュタイン,私たちの技術は神の域に達した。しかし残念ながら私たちの人間性は原始人のままだ。,わたしたちのぎじゅつはかみのいきにたっした。しかしざんねんながらわたしたちのにんげんせいはげんしじんのままだ。,技術革新
トーマス・エジソン,天才とは1%のひらめきと99%の努力である。,てんさいとはいちぱーせんとのひらめきときゅうじゅうきゅうぱーせんとのどりょくである。,努力
トーマス・エジソン,失敗なんてしていない。うまくいかない方法を1000通り見つけただけだ。,しっぱいなんてしていない。うまくいかないほうほうをせんとおりみつけただけだ。,逆境
トーマス・エジソン,私は失敗していない。うまくいかない方法を1万通り見つけただけだ。,わたしはしっぱいしていない。うまくいかないほうほうをいちまんとおりみつけただけだ。,挑戦
トーマス・エジソン,機会は見逃してしまう。なぜなら機会は作業服を着て、努力のような姿で現れるからだ。,きかいはみのがしてしまう。なぜならきかいはさぎょうふくをきて、どりょくのようなすがたであらわれるからだ。,努力
トーマス・エジソン,私たちが最大の弱さを見せるのは諦める時だ。成功する最も確実な方法は常にもう一度だけ試してみることだ。,わたしたちがさいだいのよわさをみせるのはあきらめるときだ。せいこうするもっともかくじつなほうほうはつねにもういちどだけためしてみることだ。,成功
トーマス・エジソン,将来の医師は薬を使わず、人体と食事と病気の原因と予防に関心を向けるだろう。,しょうらいのいしはくすりをつかわず、じんたいとしょくじとびょうきのげんいんとよぼうにかんしんをむけるだろう。,未来
トーマス・エジソン,良いアイデアを思いついたら、それを実現するために努力せよ。,よいあいであをおもいついたら、それをじつげんするためにどりょくせよ。,発明
トーマス・エジソン,不満は改善の第一歩である。,ふまんはかいぜんのだいいっぽである。,進歩
トーマス・エジソン,人生で最も確実なことは、何も確実なことがないということだ。,じんせいでもっともかくじつなことは、なにもかくじつなことがないということだ。,哲学
トーマス・エジソン,天才の定義は、目標を決めてそこに向かって努力する能力である。,てんさいのていぎは、もくひょうをきめてそこにむかってどりょくするのうりょくである。,目標設定
トーマス・エジソン,私は一日たりとも、いわゆる労働をしたことがない。何をやっても楽しくてたまらないからだ。,わたしはいちにちたりとも、いわゆるろうどうをしたことがない。なにをやってもたのしくてたまらないからだ。,幸福
トーマス・エジソン,ほとんどの人が機会を逃すのは、機会が作業服を着て努力のように見えるからだ。,ほとんどのひとがきかいをのがすのは、きかいがさぎょうふくをきてどりょくのようにみえるからだ。,努力
トーマス・エジソン,私の発明は人々の生活を向上させるためのものだ。,わたしのはつめいはひとびとのせいかつをこうじょうさせるためのものだ。,発明
トーマス・エジソン,成功は1%のひらめきと99%の汗によるものだ。,せいこうはいちぱーせんとのひらめきときゅうじゅうきゅうぱーせんとのあせによるものだ。,成功
トーマス・エジソン,医学は将来、病気を治すものではなく、病気を予防するものになるだろう。,いがくはしょうらい、びょうきをなおすものではなく、びょうきをよぼうするものになるだろう。,未来
トーマス・エジソン,重要なことは疑問を持ち続けることである。,じゅうようなことはぎもんをもちつづけることである。,学び
トーマス・エジソン,実験は決して失敗ではない。望まない結果も実験の重要な一部だ。,じっけんはけっしてしっぱいではない。のぞまないけっかもじっけんのじゅうようないちぶだ。,科学
ニコラ・テスラ,現在は彼らのもの、しかし私が作り上げた未来は私のものだ。,げんざいはかれらのもの、しかしわたしがつくりあげたみらいはわたしのものだ。,未来
ニコラ・テスラ,科学とは迷信を払い除けること以外の何物でもない。,かがくとはめいしんをはらいのぞけることいがいのなにものでもない。,科学
ニコラ・テスラ,私の脳は受信機のようなもの。宇宙には知識とインスピレーションの核心がある。,わたしののうはじゅしんきのようなもの。うちゅうにはちしきといんすぴれーしょんのかくしんがある。,宇宙
ニコラ・テスラ,発明は科学的な頭脳と芸術的な想像力を必要とする。,はつめいはかがくてきなずのうとげいじゅつてきなそうぞうりょくをひつようとする。,発明
ニコラ・テスラ,将来の技術は自然のエネルギーを利用することに基づくだろう。,しょうらいのぎじゅつはしぜんのえねるぎーをりようすることにもとづくだろう。,技術革新
ニコラ・テスラ,電気の真の本質について、私たちはまだ何も知らない。,でんきのしんのほんしつについて、わたしたちはまだなにもしらない。,科学
ニコラ・テスラ,私の人生における最大の喜びは、私が正しかったと証明されることだ。,わたしのじんせいにおけるさいだいのよろこびは、わたしがただしかったとしょうめいされることだ。,幸福
ニコラ・テスラ,天才の秘密は子どもの精神を老年まで保ち続けることである。,てんさいのひみつはこどものせいしんをろうねんまでたもちつづけることである。,創造性
ニコラ・テスラ,自然界は数学的な調和に基づいて構築されている。,しぜんかいはすうがくてきなちょうわにもとづいてこうちくされている。,自然
ニコラ・テスラ,人類の最高の達成は、自然の力をコントロールし、人間の用途に適用することだ。,じんるいのさいこうのたっせいは、しぜんのちからをこんとろーるし、にんげんのようとにてきようすることだ。,技術革新
ニコラ・テスラ,進歩は革新的な思考を持つ少数の人によってもたらされる。,しんぽはかくしんてきなしこうをもつしょうすうのひとによってもたらされる。,進歩
ニコラ・テスラ,私の発明はすべて自然の法則に従っている。,わたしのはつめいはすべてしぜんのほうそくにしたがっている。,発明
ニコラ・テスラ,想像力は現実を創造する最も強力な力である。,そうぞうりょくはげんじつをそうぞうするもっともきょうりょくなちからである。,想像力
ニコラ・テスラ,私は実験をすることを好まない。私の心の中で完璧に動作することを確認してから作る。,わたしはじっけんをすることをこのまない。わたしのこころのなかでかんぺきにどうさすることをかくにんしてからつくる。,創造性
ニコラ・テスラ,真の発明家は物事の本質を理解する者である。,しんのはつめいかはものごとのほんしつをりかいするものである。,知識
ニコラ・テスラ,未来は無線の時代になるだろう。すべてが空気を通じて伝達される。,みらいはむせんのじだいになるだろう。すべてがくうきをつうじてでんたつされる。,未来
ニコラ・テスラ,孤独は創造的な仕事を行うのに最適な環境を提供する。,こどくはそうぞうてきなしごとをおこなうのにさいてきなかんきょうをていきょうする。,創造性
チャールズ・ダーウィン,最も強い者が生き残るのではなく、最も変化に適応できる者が生き残る。,もっともつよいものがいきのこるのではなく、もっともへんかにてきおうできるものがいきのこる。,進歩
チャールズ・ダーウィン,無知は知識よりも自信を生み出すことが多い。,むちはちしきよりもじしんをうみだすことがおおい。,知識
チャールズ・ダーウィン,人間も他の動物も、共通の祖先から進化してきた。,にんげんもほかのどうぶつも、きょうつうのそせんからしんかしてきた。,科学
チャールズ・ダーウィン,自然は決して一歩で跳躍することはない。,しぜんはけっしていっぽでちょうやくすることはない。,自然
チャールズ・ダーウィン,生存するのは最も強い種でも最も知的な種でもない。変化に最も適応できる種である。,せいぞんするのはもっともつよいしゅでももっともちてきなしゅでもない。へんかにもっともてきおうできるしゅである。,生命
チャールズ・ダーウィン,疑うことは不快だが、確信することはばかげている。,うたがうことはふかいだが、かくしんすることはばかげている。,学び
チャールズ・ダーウィン,観察は若い自然学者にとって最良の教師である。,かんさつはわかいしぜんがくしゃにとってさいりょうのきょうしである。,学び
チャールズ・ダーウィン,私は自分の人生を科学の探求に捧げてきた。,わたしはじぶんのじんせいをかがくのたんきゅうにささげてきた。,科学
チャールズ・ダーウィン,事実や観察なしに理論を作ることは、石やレンガなしに家を建てるようなものだ。,じじつやかんさつなしにりろんをつくることは、いしやれんがなしにいえをたてるようなものだ。,科学
チャールズ・ダーウィン,自然界では競争よりも協力の方が重要な役割を果たす。,しぜんかいではきょうそうよりもきょうりょくのほうがじゅうようなやくわりをはたす。,自然
チャールズ・ダーウィン,人間の尊厳は知識と理性にある。,にんげんのそんげんはちしきとりせいにある。,知識
チャールズ・ダーウィン,種の起源は長期にわたる観察と実験の結果である。,しゅのきげんはちょうきにわたるかんさつとじっけんのけっかである。,科学
チャールズ・ダーウィン,美しいものを愛する気持ちは人間の最も高貴な属性の一つである。,うつくしいものをあいするきもちはにんげんのもっともこうきなぞくせいのひとつである。,愛
チャールズ・ダーウィン,動物と人間の差は程度の問題であり、種類の問題ではない。,どうぶつとにんげんのさはていどのもんだいであり、しゅるいのもんだいではない。,生命
チャールズ・ダーウィン,私の理論の最大の困難は、なぜ自然選択が複雑な器官を作り出すのかということだ。,わたしのりろんのさいだいのこんなんは、なぜしぜんせんたくがふくざつなきかんをつくりだすのかということだ。,科学
チャールズ・ダーウィン,感情表現は全ての動物に共通している。,かんじょうひょうげんはすべてのどうぶつにきょうつうしている。,生命
レオナルド・ダ・ヴィンチ,学習への情熱を失った者は生きながら埋葬されたようなものだ。,がくしゅうへのじょうねつをうしなったものはいきながらまいそうされたようなものだ。,学び
レオナルド・ダ・ヴィンチ,シンプルさは究極の洗練である。,しんぷるさはきゅうきょくのせんれんである。,表現
レオナルド・ダ・ヴィンチ,私は読書によって学んだことは何もない。すべて自分で発見したのだ。,わたしはどくしょによってまなんだことはなにもない。すべてじぶんではっけんしたのだ。,学び
レオナルド・ダ・ヴィンチ,目は魂の窓と呼ばれる。,めはたましいのまどとよばれる。,絵画
レオナルド・ダ・ヴィンチ,知識不足は愛の欠如から生まれる。愛がなければ何も学べない。,ちしきぶそくはあいのけつじょからうまれる。あいがなければなにもまなべない。,愛
レオナルド・ダ・ヴィンチ,芸術は自然の娘である。,げいじゅつはしぜんのむすめである。,表現
レオナルド・ダ・ヴィンチ,偉大な愛は偉大な知識から生まれる。,いだいなあいはいだいなちしきからうまれる。,愛
レオナルド・ダ・ヴィンチ,私たちの知識は経験から始まる。,わたしたちのちしきはけいけんからはじまる。,知識
レオナルド・ダ・ヴィンチ,詳細を軽視する者は、偉大なことを成し遂げることはできない。,しょうさいをけいしするものは、いだいなことをなしとげることはできない。,創造性
レオナルド・ダ・ヴィンチ,真理の最大の敵は権威ではなく偏見である。,しんりのさいだいのてきはけんいではなくへんけんである。,哲学
レオナルド・ダ・ヴィンチ,水は万物の駆動力である。,みずはばんぶつのくどうりょくである。,自然
レオナルド・ダ・ヴィンチ,自然は決して法則を破らない。,しぜんはけっしてほうそくをやぶらない。,自然
レオナルド・ダ・ヴィンチ,人間の足は歩くために作られている。手は作るために作られている。,にんげんのあしはあるくためにつくられている。てはつくるためにつくられている。,創造性
レオナルド・ダ・ヴィンチ,絵画は詩よりも高貴な芸術である。,かいがはしよりもこうきなげいじゅつである。,絵画
レオナルド・ダ・ヴィンチ,人間は飛ぶことを夢見る鳥である。,にんげんはとぶことをゆめみるとりである。,想像力
レオナルド・ダ・ヴィンチ,美は魂を高める。,びはたましいをたかめる。,表現
レオナルド・ダ・ヴィンチ,経験は全ての知識の母である。,けいけんはすべてのちしきのははである。,知識
ヴォルフガング・アマデウス・モーツァルト,私の音楽は誰でも理解できるほど単純だが、作曲家には理解できないほど複雑だ。,わたしのおんがくはだれでもりかいできるほどたんじゅんだが、さっきょくかにはりかいできないほどふくざつだ。,音楽
ヴォルフガング・アマデウス・モーツァルト,音楽は人生の薬だ。,おんがくはじんせいのくすりだ。,音楽
ヴォルフガング・アマデウス・モーツァルト,私は音楽のために生まれてきた。,わたしはおんがくのためにうまれてきた。,音楽
ヴォルフガング・アマデウス・モーツァルト,美しいメロディーは心の言葉である。,うつくしいめろでぃーはこころのことばである。,音楽
ヴォルフガング・アマデウス・モーツァルト,音楽は魂から魂へと語りかける。,おんがくはたましいからたましいへとかたりかける。,音楽
ヴォルフガング・アマデウス・モーツァルト,情熱なくして偉大な芸術は生まれない。,じょうねつなくしていだいなげいじゅつはうまれない。,表現
ヴォルフガング・アマデウス・モーツァルト,音楽における沈黙は、音と同じくらい重要である。,おんがくにおけるちんもくは、おととおなじくらいじゅうようである。,音楽
ヴォルフガング・アマデウス・モーツァルト,愛、愛、愛、それが天才の魂である。,あい、あい、あい、それがてんさいのたましいである。,愛
ヴォルフガング・アマデウス・モーツァルト,真の音楽は心から生まれ、心に届く。,しんのおんがくはこころからうまれ、こころにとどく。,音楽
ヴォルフガング・アマデウス・モーツァルト,完璧な作品を作るには、何も加えることも引くこともできない状態にすることだ。,かんぺきなさくひんをつくるには、なにもくわえることもひくこともできないじょうたいにすることだ。,創造性
ヴォルフガング・アマデウス・モーツァルト,音楽は言葉では表現できない感情を伝える。,おんがくはことばではひょうげんできないかんじょうをつたえる。,音楽
ヴォルフガング・アマデウス・モーツァルト,私の音楽は神からの贈り物であり、私はそれを人々に分かち合うのみだ。,わたしのおんがくはかみからのおくりものであり、わたしはそれをひとびとにわかちあうのみだ。,音楽
ヴォルフガング・アマデウス・モーツァルト,聴衆の心を動かすことができない音楽は真の音楽ではない。,ちょうしゅうのこころをうごかすことができないおんがくはしんのおんがくではない。,音楽
ヴォルフガング・アマデウス・モーツァルト,天才とは努力を続ける才能のことである。,てんさいとはどりょくをつづけるさいのうのことである。,努力
ヴォルフガング・アマデウス・モーツァルト,音楽は世界共通の言語である。,おんがくはせかいきょうつうのげんごである。,音楽
ヴォルフガング・アマデウス・モーツァルト,人生は短い。だからこそ美しい音楽を奏でなければならない。,じんせいはみじかい。だからこそうつくしいおんがくをかなでなければならない。,音楽
パブロ・ピカソ,私は見たものを描くのではない。考えたものを描くのだ。,わたしはみたものをえがくのではない。かんがえたものをえがくのだ。,絵画
パブロ・ピカソ,芸術は真実の嘘である。,げいじゅつはしんじつのうそである。,表現
パブロ・ピカソ,若い頃、私は老人のように絵を描こうと努力した。今、老人になって、子供のように描こうとしている。,わかいころ、わたしはろうじんのようにえをかこうとどりょくした。いま、ろうじんになって、こどものようにかこうとしている。,創造性
パブロ・ピカソ,明日に延ばせることを今日やってはいけない。,あしたにのばせることをきょうやってはいけない。,ユーモア
パブロ・ピカソ,私はいつも自分ができないことをする。そうすれば、それを行う方法を学ぶことができるからだ。,わたしはいつもじぶんができないことをする。そうすれば、それをおこなうほうほうをまなぶことができるからだ。,挑戦
パブロ・ピカソ,優秀な芸術家は模倣し、偉大な芸術家は盗む。,ゆうしゅうなげいじゅつかはもほうし、いだいなげいじゅつかはぬすむ。,創造性
パブロ・ピカソ,色彩は感情を表現する手段である。,しきさいはかんじょうをひょうげんするしゅだんである。,絵画
パブロ・ピカソ,創造とは破壊である。,そうぞうとははかいである。,創造性
パブロ・ピカソ,私の人生で最も重要なのは線を描くことだった。,わたしのじんせいでもっともじゅうようなのはせんをえがくことだった。,絵画
パブロ・ピカソ,インスピレーションは存在するが、それはあなたが働いているときに見つけなければならない。,いんすぴれーしょんはそんざいするが、それはあなたがはたらいているときにみつけなければならない。,創造性
パブロ・ピカソ,愛とは二つの心が一つになることではない。二つの心が同じ方向を見つめることだ。,あいとはふたつのこころがひとつになることではない。ふたつのこころがおなじほうこうをみつめることだ。,愛
パブロ・ピカソ,美術は世界を変える武器である。,びじゅつはせかいをかえるぶきである。,表現
パブロ・ピカソ,私は理解されるために絵を描くのではない。,わたしはりかいされるためにえをかくのではない。,絵画
パブロ・ピカソ,様式は自然の敵である。,ようしきはしぜんのてきである。,自然
パブロ・ピカソ,私たちが探しているものは、常に私たちを探している。,わたしたちがさがしているものは、つねにわたしたちをさがしている。,哲学
パブロ・ピカソ,行動はすべての成功の基本的な鍵である。,こうどうはすべてのせいこうのきほんてきなかぎである。,成功
パブロ・ピカソ,明日の芸術家は今日の子供である。,あしたのげいじゅつかはきょうのこどもである。,想像力
ベーブ・ルース,昨日のホームランでは今日の試合に勝てない。,きのうのほーむらんではきょうのしあいにかてない。,努力
ベーブ・ルース,私は三振を恐れない。三振があるからホームランもある。,わたしはさんしんをおそれない。さんしんがあるからほーむらんもある。,勝利
ベーブ・ルース,大きな夢を持て。,おおきなゆめをもて。,目標達成
ベーブ・ルース,困難は乗り越えるためにある。,こんなんはのりこえるためにある。,逆境
ベーブ・ルース,野球は90%がメンタル、残り半分がフィジカルだ。,やきゅうはきゅうじゅうぱーせんとがめんたる、のこりはんぶんがふぃじかるだ。,ユーモア
ベーブ・ルース,チームワークこそが勝利への道だ。,ちーむわーくこそがしょうりへのみちだ。,チームワーク
ベーブ・ルース,失敗を恐れるな。失敗から学ぶことが大切だ。,しっぱいをおそれるな。しっぱいからまなぶことがたいせつだ。,挑戦
ベーブ・ルース,私は常に子供のような心を持ち続けたい。,わたしはつねにこどものようなこころをもちつづけたい。,幸福
ベーブ・ルース,練習は完璧を作らない。完璧な練習が完璧を作る。,れんしゅうはかんぺきをつくらない。かんぺきなれんしゅうがかんぺきをつくる。,努力
ベーブ・ルース,野球は人生と同じだ。時には打ち、時には打たれる。,やきゅうはじんせいとおなじだ。ときにはうち、ときにはうたれる。,哲学
ベーブ・ルース,自分を信じることから全てが始まる。,じぶんをしんじることからすべてがはじまる。,成功
ベーブ・ルース,記録は破られるためにある。,きろくはやぶられるためにある。,挑戦
ベーブ・ルース,ファンの応援があってこそ、私たちは力を発揮できる。,ふぁんのおうえんがあってこそ、わたしたちはちからをはっきできる。,感謝
ベーブ・ルース,本当の勝者は決して諦めない者だ。,ほんとうのしょうしゃはけっしてあきらめないものだ。,忍耐
ベーブ・ルース,スポーツは人を結びつける最高の手段だ。,すぽーつはひとをむすびつけるさいこうのしゅだんだ。,絆
ベーブ・ルース,今を精一杯生きることが、明日への最高の準備だ。,いまをせいいっぱいいきることが、あしたへのさいこうのじゅんびだ。,努力
モハメド・アリ,不可能は事実ではない、単なる意見に過ぎない。,ふかのうはじじつではない、たんなるいけんにすぎない。,挑戦
モハメド・アリ,私は史上最高に美しく、最高に謙虚な人間だ。,わたしはしじょうさいこうにうつくしく、さいこうにけんきょなにんげんだ。,ユーモア
モハメド・アリ,困難こそが人を強くするのだ。,こんなんこそがひとをつよくするのだ。,逆境
モハメド・アリ,蝶のように舞い、蜂のように刺すのだ。,ちょうのようにまい、はちのようにさすのだ。,勝利
モハメド・アリ,自分の信念を持ち続けることが最も重要だ。,じぶんのしんねんをもちつづけることがもっともじゅうようだ。,信仰
モハメド・アリ,浮くような気分でいて、針のように鋭く攻撃せよ。,うくようなきぶんでいて、はりのようにするどくこうげきせよ。,努力
モハメド・アリ,私にとって年齢は単なる数字に過ぎない。,わたしにとってねんれいはたんなるすうじにすぎない。,忍耐
モハメド・アリ,勇気とは、恐怖を感じながらも立ち向かうことだ。,ゆうきとは、きょうふをかんじながらもたちむかうことだ。,挑戦
モハメド・アリ,戦いは勝ち負けだけではない、魂を込めることが大切だ。,たたかいはかちまけだけではない、たましいをこめることがたいせつだ。,魂
モハメド・アリ,真のチャンピオンは、倒れても立ち上がる者だ。,しんのちゃんぴおんは、たおれてもたちあがるものだ。,逆境
モハメド・アリ,私の拳は強いが、私の心はもっと強い。,わたしのこぶしはつよいが、わたしのこころはもっとつよい。,努力
モハメド・アリ,正義のために戦うことを恐れてはいけない。,せいぎのためにたたかうことをおそれてはいけない。,信仰
モハメド・アリ,誰もが不可能だと言ったとき、私は可能だと言った。,だれもがふかのうだといったとき、わたしはかのうだといった。,希望
モハメド・アリ,静かに語るよりも、大声で真実を叫ぶべきだ。,しずかにかたるよりも、おおごえでしんじつをさけぶべきだ。,リーダーシップ
モハメド・アリ,本当の勝利は相手を倒すことではなく、自分を超えることだ。,ほんとうのしょうりはあいてをたおすことではなく、じぶんをこえることだ。,成功
モハメド・アリ,人々が私を覚えているのは、ただ強かったからではない。,ひとびとがわたしをおぼえているのは、ただつよかったからではない。,幸福
モハメド・アリ,私の言葉が人々に勇気を与えることを願っている。,わたしのことばがひとびとにゆうきをあたえることをねがっている。,希望
モハメド・アリ,世界は私のリングよりもはるかに大きな戦場だ。,せかいはわたしのりんぐよりもはるかにおおきなせんじょうだ。,哲学
モハメド・アリ,偉大さとは、何度転んでも立ち上がることだ。,いだいさとは、なんどころんでもたちあがることだ。,逆境
モハメド・アリ,リングの外での戦いの方が、リングの中よりも厳しいものだ。,りんぐのそとでのたたかいのほうが、りんぐのなかよりもきびしいものだ。,幸福
マイケル・ジョーダン,私は失敗を何度も何度も繰り返してきた、だからこそ成功できたのだ。,わたしはしっぱいをなんどもなんどもくりかえしてきた、だからこそせいこうできたのだ。,成功
マイケル・ジョーダン,限界があるとしたら、それは自分が作り出したものだ。,げんかいがあるとしたら、それはじぶんがつくりだしたものだ。,挑戦
マイケル・ジョーダン,努力は決して裏切らない、ただ努力が足りないだけだ。,どりょくはけっしてうらぎらない、ただどりょくがたりないだけだ。,努力
マイケル・ジョーダン,才能は試合に勝つが、チームワークと知性が優勝をもたらす。,さいのうはしあいにかつが、ちーむわーくとちせいがゆうしょうをもたらす。,チームワーク
マイケル・ジョーダン,私にとって敗北は一つの選択肢ではない。,わたしにとってはいぼくはひとつのせんたくしではない。,勝利
マイケル・ジョーダン,完璧を目指し続けることで、卓越することができる。,かんぺきをめざしつづけることで、たくえつすることができる。,目標達成
マイケル・ジョーダン,障害は道を変えることはできるが、目的地を変えることはできない。,しょうがいはみちをかえることはできるが、もくてきちをかえることはできない。,逆境
マイケル・ジョーダン,一歩一歩進むことで、長い距離を歩くことができる。,いっぽいっぽすすむことで、ながいきょりをあるくことができる。,忍耐
マイケル・ジョーダン,私は常に勝つことを期待されていた、そのプレッシャーが私を強くした。,わたしはつねにかつことをきたいされていた、そのぷれっしゃーがわたしをつよくした。,リーダーシップ
マイケル・ジョーダン,勝者は決して諦めない、諦める者は決して勝たない。,しょうしゃはけっしてあきらめない、あきらめるものはけっしてかたない。,希望
マイケル・ジョーダン,心配するな、落ち着いてプレーすれば必ず道は開ける。,しんぱいするな、おちついてぷれーすればかならずみちはひらける。,幸福
マイケル・ジョーダン,競争相手がいるからこそ、自分はより高いレベルに達することができる。,きょうそうあいてがいるからこそ、じぶんはよりたかいれべるにたっすることができる。,成功
マイケル・ジョーダン,心の中で負けを認めない限り、本当の敗北はない。,こころのなかでまけをみとめないかぎり、ほんとうのはいぼくはない。,勝利
マイケル・ジョーダン,自分に投資することが、最も確実な投資方法だ。,じぶんにとうしすることが、もっともかくじつなとうしほうほうだ。,学び
マイケル・ジョーダン,常に新しいことを学び続ける姿勢が重要だ。,つねにあたらしいことをまなびつづけるしせいがじゅうようだ。,進歩
マイケル・ジョーダン,他人の期待ではなく、自分の基準で生きるべきだ。,たにんのきたいではなく、じぶんのきじゅんでいきるべきだ。,哲学
マイケル・ジョーダン,最高の者になりたければ、最高の者と戦わなければならない。,さいこうのものになりたければ、さいこうのものとたたかわなければならない。,挑戦
マイケル・ジョーダン,私の成功の秘訣は、毎日少しずつ改善することだ。,わたしのせいこうのひけつは、まいにちすこしずつかいぜんすることだ。,効率化
マイケル・ジョーダン,プレッシャーは特権だ、それは選ばれた者だけが感じることができる。,ぷれっしゃーはとっけんだ、それはえらばれたもただけがかんじることができる。,感謝
マイケル・ジョーダン,試合に負けることはあるが、戦いをやめることはない。,しあいにまけることはあるが、たたかいをやめることはない。,努力
ペレ,努力に勝る才能はない、才能に勝る努力もない。,どりょくにまさるさいのうはない、さいのうにまさるどりょくもない。,努力
ペレ,夢を追い続けることが人生で最も大切なことだ。,ゆめをおいつづけることがじんせいでもっともたいせつなことだ。,希望
ペレ,サッカーは美しいスポーツだ、それは人々を結びつける。,さっかーはうつくしいすぽーつだ、それはひとびとをむすびつける。,絆
ペレ,貧しさは言い訳にならない、それは動機になるべきだ。,まずしさはいいわけにならない、それはどうきになるべきだ。,逆境
ペレ,成功は一夜にしてならず、毎日の積み重ねが大切だ。,せいこうはいちやにしてならず、まいにちのつみかさねがたいせつだ。,成功
ペレ,チームワークなくして勝利はあり得ない。,ちーむわーくなくしてしょうりはありえない。,チームワーク
ペレ,若い選手たちには、情熱を失わないでほしい。,わかいせんしゅたちには、じょうねつをうしなわないでほしい。,学び
ペレ,サッカーはただのスポーツではない、それは芸術だ。,さっかーはただのすぽーつではない、それはげいじゅつだ。,表現
ペレ,失敗を恐れていては、何も成し遂げることはできない。,しっぱいをおそれていては、なにもなしとげることはできない。,挑戦
ペレ,勝利よりも大切なのは、どのように戦ったかだ。,しょうりよりもたいせつなのは、どのようにたたかったかだ。,哲学
ペレ,家族の支えがあったからこそ、ここまで来ることができた。,かぞくのささえがあったからこそ、ここまでくることができた。,家族
ペレ,真の王は自分を王だと言わない、行動で示すものだ。,しんのおうはじぶんをおうだといわない、こうどうでしめすものだ。,リーダーシップ
ペレ,年齢は数字に過ぎない、心は永遠に若くいられる。,ねんれいはすうじにすぎない、こころはえいえんにわかくいられる。,幸福
ペレ,サッカーで学んだことは、人生でも役に立つ。,さっかーでまなんだことは、じんせいでもやくにたつ。,知識
ペレ,私は多くのゴールを決めたが、最も美しいゴールは次のゴールだ。,わたしはおおくのごーるをきめたが、もっともうつくしいごーるはつぎのごーるだ。,創造性
ペレ,神様が私にサッカーの才能を与えてくれたことに感謝している。,かみさまがわたしにさっかーのさいのうをあたえてくれたことにかんしゃしている。,感謝
ペレ,ワールドカップは選手にとって最高の舞台だ。,わーるどかっぷはせんしゅにとってさいこうのぶたいだ。,目標達成
ペレ,私たちは皆、同じ太陽の下でプレーしている。,わたしたちはみな、おなじたいようのしたでぷれーしている。,調和
ペレ,愛する人のために戦うとき、人は最強になる。,あいするひとのためにたたかうとき、ひとはさいきょうになる。,愛
ペレ,次世代の選手たちが私を超えていくことを願っている。,じせだいのせんしゅたちがわたしをこえていくことをねがっている。,進歩
イチロー,小さなことを積み重ねることが、とんでもないところへ行く唯一の道だ。,ちいさなことをつみかさねることが、とんでもないところへいくゆいいつのみちだ。,努力
イチロー,夢は見るものではない、叶えるものだ。,ゆめはみるものではない、かなえるものだ。,希望
イチロー,準備ができていない者に、チャンスは微笑まない。,じゅんびができていないものに、ちゃんすはほほえまない。,目標設定
イチロー,壁というのは、できる人にしかやってこない。,かべというのは、できるひとにしかやってこない。,挑戦
イチロー,僕は、毎日同じルーティンを繰り返すことで心を整える。,ぼくは、まいにちおなじるーてぃんをくりかえすことでこころをととのえる。,効率化
イチロー,特別なことをするために特別なことをするのではない、特別なことをするために普段どおりの当たり前のことをする。,とくべつなことをするためにとくべつなことをするのではない、とくべつなことをするためにふだんどおりのあたりまえのことをする。,哲学
イチロー,結果が出ないとき、どういう自分でいられるかが重要だ。,けっかがでないとき、どういうじぶんでいられるかがじゅうようだ。,忍耐
イチロー,自分なりにベストを尽くせば、必ず道は開ける。,じぶんなりにべすとをつくせば、かならずみちはひらける。,成功
イチロー,僕にとって最も大切なことは、今日一日を大切にすることだ。,ぼくにとってもっともたいせつなことは、きょういちにちをたいせつにすることだ。,幸福
イチロー,変化を求めていれば、人はそこにとどまることはできない。,へんかをもとめていれば、ひとはそこにとどまることはできない。,進歩
イチロー,僕は人と比較される中で野球をやってきましたが、常に自分なりのやり方を大切にしてきました。,ぼくはひととひかくされるなかでやきゅうをやってきましたが、つねにじぶんなりのやりかたをたいせつにしてきました。,信頼
イチロー,積み重ねることでしか、頂上にはたどり着けない。,つみかさねることでしか、ちょうじょうにはたどりつけない。,目標達成
イチロー,今自分にできること、頑張ればできそうなこと、そういうことを積み重ねていかないと、遠くの大きな目標は近づいてこない。,いまじぶんにできること、がんばればできそうなこと、そういうことをつみかさねていかないと、とおくのおおきなもくひょうはちかづいてこない。,学び
イチロー,僕は天才ではない、努力の人だ。,ぼくはてんさいではない、どりょくのひとだ。,努力
イチロー,メジャーリーグに来て、日本の野球ファンの方々への感謝の気持ちがより大きくなりました。,めじゃーりーぐにきて、にほんのやきゅうふぁんのかたがたへのかんしゃのきもちがよりおおきくなりました。,感謝
イチロー,僕がやってきたことは、草野球の延長なんです。,ぼくがやってきたことは、くさやきゅうのえんちょうなんです。,ユーモア
イチロー,僕は野球というものを愛しているからこそ、ここにいます。,ぼくはやきゅうというものをあいしているからこそ、ここにいます。,愛
イチロー,苦悩というものは前進したいって思いがあってこそ生まれるものです。,くのうというものはぜんしんしたいっておもいがあってこそうまれるものです。,逆境
イチロー,僕の野球人生で大切にしてきたのは、人に迷惑をかけないということです。,ぼくのやきゅうじんせいでたいせつにしてきたのは、ひとにめいわくをかけないということです。,教養
イチロー,野球を愛する少年に戻って、この舞台に立っています。,やきゅうをあいするしょうねんにもどって、このぶたいにたっています。,想像力
大谷翔平,夢は大きく持つべきだ、そして諦めずに追い続けるべきだ。,ゆめはおおきくもつべきだ、そしてあきらめずにおいつづけるべきだ。,希望
大谷翔平,できないことはないと信じています。,できないことはないとしんじています。,挑戦
大谷翔平,周りの人がどう思おうと、自分の信じた道を進んでいきたい。,まわりのひとがどうおもおうと、じぶんのしんじたみちをすすんでいきたい。,信頼
大谷翔平,二刀流は僕にとって当たり前のことです。,にとうりゅうはぼくにとってあたりまえのことです。,創造性
大谷翔平,常識を疑うことから、新しい可能性が生まれる。,じょうしきをうたがうことから、あたらしいかのうせいがうまれる。,技術革新
大谷翔平,毎日成長できているかどうかが重要だと思います。,まいにちせいちょうできているかどうかがじゅうようだとおもいます。,学び
大谷翔平,野球を楽しみながらやることが一番大切です。,やきゅうをたのしみながらやることがいちばんたいせつです。,幸福
大谷翔平,完璧を求めすぎず、今できることをしっかりやる。,かんぺきをもとめすぎず、いまできることをしっかりやる。,努力
大谷翔平,ファンの皆さんの応援が僕の力になっています。,ふぁんのみなさんのおうえんがぼくのちからになっています。,感謝
大谷翔平,失敗を恐れていては何も始まらない。,しっぱいをおそれていてはなにもはじまらない。,挑戦
大谷翔平,目標を明確にして、それに向かって進むことが大切です。,もくひょうをめいかくにして、それにむかってすすむことがたいせつです。,目標設定
大谷翔平,チームメイトと一緒に勝つ喜びは格別です。,ちーむめいとといっしょにかつよろこびはかくべつです。,チームワーク
大谷翔平,僕は野球の未来を変えたいと思っています。,ぼくはやきゅうのみらいをかえたいとおもっています。,未来
大谷翔平,メジャーリーグは僕にとって学びの場です。,めじゃーりーぐはぼくにとってまなびのばです。,知識
大谷翔平,投手と打者、両方ができることで野球をより楽しめます。,とうしゅとだしゃ、りょうほうができることでやきゅうをよりたのしめます。,表現
大谷翔平,一球一球を大切にして、集中して投げています。,いっきゅういっきゅうをたいせつにして、しゅうちゅうしてなげています。,忍耐
大谷翔平,日本とアメリカの野球文化の橋渡しをしたい。,にほんとあめりかのやきゅうぶんかのはしわたしをしたい。,絆
大谷翔平,自分らしさを失わずに、新しいことに挑戦していきたい。,じぶんらしさをうしなわずに、あたらしいことにちょうせんしていきたい。,進歩
大谷翔平,ホームランを打つたびに、次はもっと遠くへ飛ばしたいと思います。,ほーむらんをうつたびに、つぎはもっととおくへとばしたいとおもいます。,目標達成
大谷翔平,僕の夢は、野球少年たちに希望を与えることです。,ぼくのゆめは、やきゅうしょうねんたちにきぼうをあたえることです。,希望
羽生結弦,努力は必ず報われると信じています。,どりょくはかならずむくわれるとしんじています。,努力
羽生結弦,完璧を求めて、完璧でなくても挑戦する。,かんぺきをもとめて、かんぺきでなくてもちょうせんする。,挑戦
羽生結弦,絶対に諦めないという気持ちが一番大切です。,ぜったいにあきらめないというきもちがいちばんたいせつです。,希望
羽生結弦,フィギュアスケートは芸術だと思っています。,ふぃぎゅあすけーとはげいじゅつだとおもっています。,表現
羽生結弦,支えてくださる方々への感謝の気持ちを忘れません。,ささえてくださるかたがたへのかんしゃのきもちをわすれません。,感謝
羽生結弦,震災を乗り越えたからこそ、今の自分がいます。,しんさいをのりこえたからこそ、いまのじぶんがいます。,逆境
羽生結弦,演技の中で自分の想いを表現したいと思っています。,えんぎのなかでじぶんのおもいをひょうげんしたいとおもっています。,想像力
羽生結弦,一つ一つのジャンプに魂を込めています。,ひとつひとつのじゃんぷにたましいをこめています。,魂
羽生結弦,常に進化し続けることが大切だと思います。,つねにしんかしつづけることがたいせつだとおもいます。,進歩
羽生結弦,勝ち負けよりも、自分が納得できる演技をしたい。,かちまけよりも、じぶんがなっとくできるえんぎをしたい。,哲学
羽生結弦,新しい技術に挑戦することで成長できます。,あたらしいぎじゅつにちょうせんすることでせいちょうできます。,技術革新
羽生結弦,オリンピックの舞台は特別な場所です。,おりんぴっくのぶたいはとくべつなばしょです。,目標達成
羽生結弦,僕のスケートで人々に感動を与えたい。,ぼくのすけーとでひとびとにかんどうをあたえたい。,愛
羽生結弦,練習は嘘をつかない、練習で手抜きをすれば必ず結果に出る。,れんしゅうはうそをつかない、れんしゅうでてぬきをすればかならずけっかにでる。,努力
羽生結弦,音楽と一体になって滑るとき、最高の幸せを感じます。,おんがくといったいになってすべるとき、さいこうのしあわせをかんじます。,音楽
羽生結弦,怪我をしたときこそ、精神力が試される。,けがをしたときこそ、せいしんりょくがためされる。,忍耐
羽生結弦,世界中のファンの方々が僕の力です。,せかいじゅうのふぁんのかたがたがぼくのちからです。,絆
羽生結弦,氷の上では自分らしくいられます。,こおりのうえではじぶんらしくいられます。,幸福
野茂英雄,夢は叶えるためにある。,ゆめはかなえるためにある。,希望
野茂英雄,挑戦しなければ何も始まらない。,ちょうせんしなければなにもはじまらない。,挑戦
野茂英雄,前例がないからこそ、やる価値がある。,ぜんれいがないからこそ、やるかちがある。,起業
野茂英雄,自分を信じることが一番重要だ。,じぶんをしんじることがいちばんじゅうようだ。,信頼
野茂英雄,困難があるからこそ、やりがいがある。,こんなんがあるからこそ、やりがいがある。,逆境
野茂英雄,日本人にもできることを証明したかった。,にほんじんにもできることをしょうめいしたかった。,リーダーシップ
野茂英雄,トルネード投法は僕の個性です。,とるねーどとうほうはぼくのこせいです。,創造性
野茂英雄,言葉の壁は心で乗り越えられる。,ことばのかべはこころでのりこえられる。,絆
野茂英雄,野球で国境はなくなる。,やきゅうでこっきょうはなくなる。,調和
野茂英雄,努力は人を裏切らない。,どりょくはひとをうらぎらない。,努力
野茂英雄,メジャーリーグは僕にとって夢の舞台でした。,めじゃーりーぐはぼくにとってゆめのぶたいでした。,目標達成
野茂英雄,失敗を恐れていては成長できない。,しっぱいをおそれていてはせいちょうできない。,学び
野茂英雄,一球一球に集中することが大切だ。,いっきゅういっきゅうにしゅうちゅうすることがたいせつだ。,忍耐
野茂英雄,後に続く選手たちの道を作りたかった。,あとにつづくせんしゅたちのみちをつくりたかった。,未来
野茂英雄,ノーヒットノーランを達成したときの喜びは忘れられない。,のーひっとのーらんをたっせいしたときのよろこびはわすれられない。,勝利
野茂英雄,プレッシャーを楽しむことができれば強くなれる。,ぷれっしゃーをたのしむことができればつよくなれる。,幸福
野茂英雄,技術だけでなく、心も成長しなければならない。,ぎじゅつだけでなく、こころもせいちょうしなければならない。,進歩
野茂英雄,野球を愛する心があれば、どこでも通用する。,やきゅうをあいするこころがあれば、どこでもつうようする。,愛
長嶋茂雄,努力は必ず報われる、諦めなければ道は開ける。,どりょくはかならずむくわれる、あきらめなければみちはひらける。,努力
長嶋茂雄,野球は楽しむものだ、楽しくなければ野球ではない。,やきゅうはたのしむものだ、たのしくなければやきゅうではない。,幸福
長嶋茂雄,ファンの皆さんがいるからこそ、野球ができる。,ふぁんのみなさんがいるからこそ、やきゅうができる。,感謝
長嶋茂雄,天才とは努力を続けられる才能のことだ。,てんさいとはどりょくをつづけられるさいのうのことだ。,哲学
長嶋茂雄,チームワークが勝利への鍵だ。,ちーむわーくがしょうりへのかぎだ。,チームワーク
長嶋茂雄,若い選手には夢を持ち続けてほしい。,わかいせんしゅにはゆめをもちつづけてほしい。,希望
長嶋茂雄,野球は人生の縮図だ。,やきゅうはじんせいのしゅくずだ。,学び
長嶋茂雄,勝負事には運も必要だが、努力がなければ運も来ない。,しょうぶごとにはうんもひつようだが、どりょくがなければうんもこない。,成功
長嶋茂雄,失敗を恐れずに挑戦することが大切だ。,しっぱいをおそれずにちょうせんすることがたいせつだ。,挑戦
長嶋茂雄,監督として選手を信じることが一番大切だ。,かんとくとしてせんしゅをしんじることがいちばんたいせつだ。,リーダーシップ
長嶋茂雄,野球は一人ではできない、仲間がいるから楽しい。,やきゅうはひとりではできない、なかまがいるからたのしい。,友情
長嶋茂雄,プロになっても練習を怠ってはいけない。,ぷろになってもれんしゅうをおこたってはいけない。,努力
長嶋茂雄,勝つことの喜びを知っているからこそ、負けることの悔しさもわかる。,かつことのよろこびをしっているからこそ、まけることのくやしさもわかる。,勝利
長嶋茂雄,技術だけでなく、心も鍛えなければ真の選手にはなれない。,ぎじゅつだけでなく、こころもきたえなければしんのせんしゅにはなれない。,忍耐
長嶋茂雄,野球は芸術だ、美しいプレーこそ野球の醍醐味だ。,やきゅうはげいじゅつだ、うつくしいぷれーこそやきゅうのだいごみだ。,表現
モハメド・アリ,私の足は速く、私の拳は雷のように落ちる。,わたしのあしははやく、わたしのこぶしはかみなりのようにおちる。,機知
モハメド・アリ,神に感謝している、私にこの才能を与えてくれたことを。,かみにかんしゃしている、わたしにこのさいのうをあたえてくれたことを。,祈り
モハメド・アリ,私の人生で最も大切なのは、人々に愛されることだ。,わたしのじんせいでもっともたいせつなのは、ひとびとにあいされることだ。,愛
モハメド・アリ,家族こそが私の力の源だ。,かぞくこそがわたしのちからのみなもとだ。,家族
モハメド・アリ,私は自然の一部であり、自然は私の一部だ。,わたしはしぜんのいちぶであり、しぜんはわたしのいちぶだ。,自然
マイケル・ジョーダン,コーチの教えを素直に聞くことで成長できる。,こーちのおしえをすなおにきくことでせいちょうできる。,教え
マイケル・ジョーダン,音楽を聴いてリズムを感じることで、プレーにリズムが生まれる。,おんがくをきいてりずむをかんじることで、ぷれーにりずむがうまれる。,音楽
マイケル・ジョーダン,友人たちと過ごす時間が私のエネルギーになる。,ゆうじんたちとすごすじかんがわたしのえねるぎーになる。,友情
マイケル・ジョーダン,バスケットボールを通じて表現する喜びを知った。,ばすけっとぼーるをつうじてひょうげんするよろこびをしった。,表現
マイケル・ジョーダン,地球上で最も美しいスポーツがバスケットボールだ。,ちきゅうじょうでもっともうつくしいすぽーつがばすけっとぼーるだ。,地球
ペレ,サッカーは文学のように美しく、詩のように感動的だ。,さっかーはぶんがくのようにうつくしく、しのようにかんどうてきだ。,文学
ペレ,ピッチ上で描く軌跡は、画家の筆跡のようなものだ。,ぴっちじょうでえがくきせきは、がかのひっせきのようなものだ。,絵画
ペレ,ブラジルの大地が私を育ててくれた。,ぶらじるのだいちがわたしをそだててくれた。,環境
ペレ,サッカーの神様に選ばれたことを誇りに思う。,さっかーのかみさまにえらばれたことをほこりにおもう。,信仰
ペレ,時には笑いも必要だ、人生を軽やかにしてくれる。,ときにはわらいもひつようだ、じんせいをかろやかにしてくれる。,笑い
イチロー,野球を通じて多くの知識を得ることができました。,やきゅうをつうじておおくのちしきをえることができました。,知識
イチロー,新しいアイデアを試すことで、新しい可能性が見えてくる。,あたらしいあいであをためすことで、あたらしいかのうせいがみえてくる。,創造性
イチロー,科学的な分析も大切ですが、最後は感覚です。,かがくてきなぶんせきもたいせつですが、さいごはかんかくです。,科学
イチロー,時には機知に富んだプレーで観客を楽しませたい。,ときにはきちにとんだぷれーでかんきゃくをたのしませたい。,機知
イチロー,野球の技術革新に少しでも貢献できれば嬉しい。,やきゅうのぎじゅつかくしんにすこしでもこうけんできればうれしい。,技術革新
大谷翔平,僕の発明とも言える二刀流で野球界に新風を吹き込みたい。,ぼくのはつめいともいえるにとうりゅうでやきゅうかいにしんぷうをふきこみたい。,発明
大谷翔平,宇宙のように無限の可能性を秘めているのが野球です。,うちゅうのようにむげんのかのうせいをひめているのがやきゅうです。,宇宙
大谷翔平,人生の教養として野球を学び続けています。,じんせいのきょうようとしてやきゅうをまなびつづけています。,教養
大谷翔平,風刺的なジョークも時には必要ですね。,ふうしてきなじょーくもときにはひつようですね。,風刺
大谷翔平,大自然の中で野球をする気持ちよさは格別です。,だいしぜんのなかでやきゅうをするきもちよさはかくべつです。,生命
羽生結弦,皮肉にも、プレッシャーが僕を成長させてくれる。,ひにくにも、ぷれっしゃーがぼくをせいちょうさせてくれる。,皮肉
羽生結弦,悟りを開くような境地で滑る瞬間があります。,さとりをひらくようなきょうちですべるしゅんかんがあります。,悟り
羽生結弦,自然の美しさからインスピレーションを得ています。,しぜんのうつくしさからいんすぴれーしょんをえています。,自然
羽生結弦,文学作品を読むことで、演技に深みを与えています。,ぶんがくさくひんをよむことで、えんぎにふかみをあたえています。,文学
羽生結弦,絵画のような美しい演技を目指しています。,かいがのようなうつくしいえんぎをめざしています。,絵画
羽生結弦,地球環境のことを考えながらスケートをしています。,ちきゅうかんきょうのことをかんがえながらすけーとをしています。,環境
羽生結弦,科学的なアプローチでジャンプを分析しています。,かがくてきなあぷろーちでじゃんぷをぶんせきしています。,科学
野茂英雄,教養を身につけることで、より良い選手になれる。,きょうようをみにつけることで、よりよいせんしゅになれる。,教養
野茂英雄,発明的な投球フォームで道を切り開いた。,はつめいてきなとうきゅうふぉーむでみちをきりひらいた。,発明
野茂英雄,宇宙に届くような気持ちでボールを投げる。,うちゅうにとどくようなきもちでぼーるをなげる。,宇宙
野茂英雄,野球を通じて多くの知識を吸収できました。,やきゅうをつうじておおくのちしきをきゅうしゅうできました。,知識
野茂英雄,時にはユーモアで緊張をほぐすことも大切だ。,ときにはゆーもあできんちょうをほぐすこともたいせつだ。,ユーモア
野茂英雄,自然の中で野球をする喜びを感じています。,しぜんのなかでやきゅうをするよろこびをかんじています。,自然
野茂英雄,地球上のどこでも野球は通じる言語だ。,ちきゅうじょうのどこでもやきゅうはつうじるげんごだ。,地球
王貞治,努力に勝る天才はない。,どりょくにまさるてんさいはない。,感謝
ウォレン・バフェット,市場は短期的には投票機だが、長期的には体重計である。,しじょうはたんきてきにはとうひょうきだが、ちょうきてきにはたいじゅうけいである。,忍耐
ウォレン・バフェット,成功する人は、普通の人が嫌がることを喜んでやる。,せいこうするひとは、ふつうのひとがいやがることをよろこんでやる。,成功
ウォレン・バフェット,習慣の鎖は、感じるには軽すぎ、破るには重すぎる。,しゅうかんのくさりは、かんじるにはかるすぎ、やぶるにはおもすぎる。,哲学
ウォレン・バフェット,お金だけでは幸せになれない。しかし、お金があれば選択肢が増える。,おかねだけではしあわせになれない。しかし、おかねがあればせんたくしがふえる。,幸福
ウォレン・バフェット,素晴らしいビジネスを適正価格で買うことは、適正なビジネスを素晴らしい価格で買うことより良い。,すばらしいびじねすをてきせいかかくでかうことは、てきせいなびじねすをすばらしいかかくでかうことよりよい。,目標設定
ウォレン・バフェット,過去から学び、現在に投資し、未来に希望を持て。,かこからまなび、げんざいにとうしし、みらいにきぼうをもて。,希望
王貞治,勝負に絶対はない。だからこそ面白い。,しょうぶにぜったいはない。だからこそおもしろい。,挑戦
澤穂希,一人ひとりが輝けば、チーム全体が輝く。,ひとりひとりがかがやけば、ちーむぜんたいがかがやく。,チームワーク
ヘンリー・フォード,勇気を持って新しい道を歩む者だけが、新しい景色を見ることができる。,ゆうきをもってあたらしいみちをあるくもののだけが、あたらしいけしきをみることができる。,挑戦
スティーブ・ジョブズ,顧客が求めているものを提供するのではない。顧客自身も気づいていないものを提供するのだ。,こきゃくがもとめているものをていきょうするのではない。こきゃくじしんもきづいていないものをていきょうするのだ。,創造性
イーロン・マスク,人類は地球という籠の中のすべての卵を一つの場所に置いてはいけない。,じんるいはちきゅうというかごのなかのすべてのたまごをひとつのばしょにおいてはいけない。,宇宙
ビル・ゲイツ,私たちは技術を過大評価し、その社会的影響を過小評価している。,わたしたちはぎじゅつをかだいひょうかし、そのしゃかいてきえいきょうをかしょうひょうかしている。,技術革新
ジェフ・ベゾス,発明と革新には長期的な思考が不可欠だ。,はつめいとかくしんにはちょうきてきなしこうがふかけつだ。,発明
ウォレン・バフェット,波が引いたとき、誰が裸で泳いでいたかがわかる。,なみがひいたとき、だれがはだかでおよいでいたかがわかる。,逆境
王貞治,記録は破られるためにある。,きろくはやぶられるためにある。,挑戦
王貞治,野球は一人ではできない。チームあってこその個人の記録だ。,やきゅうはひとりではできない。ちーむあってこそのこじんのきろくだ。,チームワーク
王貞治,失敗を恐れていては何も始まらない。,しっぱいをおそれていてはなにもはじまらない。,挑戦
王貞治,毎日の練習が明日の自分を作る。,まいにちのれんしゅうがあしたのじぶんをつくる。,努力
王貞治,勝利は準備と努力の結果だ。,しょうりはじゅんびとどりょくのけっかだ。,勝利
王貞治,一本足打法は私の哲学そのものだった。,いっぽんあしだほうはわたしのてつがくそのものだった。,哲学
王貞治,プレッシャーを感じることは成長の証だ。,ぷれっしゃーをかんじることはせいちょうのあかしだ。,逆境
王貞治,技術は練習で身につくが、心は経験でしか鍛えられない。,ぎじゅつはれんしゅうでみにつくが、こころはけいけんでしかきたえられない。,学び
王貞治,目標は高く設定し、そこに向かって一歩ずつ進むことだ。,もくひょうはたかくせっていし、そこにむかっていっぽずつすすむことだ。,目標設定
王貞治,諦めない心こそが最大の武器である。,あきらめないこころこそがさいだいのぶきである。,忍耐
王貞治,野球を通じて学んだことは人生に活かされている。,やきゅうをとおじてまなんだことはじんせいにいかされている。,学び
王貞治,感謝の気持ちを忘れてはいけない。,かんしゃのきもちをわすれてはいけない。,感謝
王貞治,若い選手には夢を持ち続けてほしい。,わかいせんしゅにはゆめをもちつづけてほしい。,希望
王貞治,基本を大切にする者が最後に勝つ。,きほんをたいせつにするものがさいごにかつ。,成功
王貞治,野球は人生の縮図だ。,やきゅうはじんせいのしゅくずだ。,哲学
王貞治,継続は力なり。これが私の信念だ。,けいぞくはちからなり。これがわたしのしんねんだ。,努力
王貞治,世界記録は目標ではなく、結果として付いてくるものだ。,せかいきろくはもくひょうではなく、けっかとしてついてくるものだ。,目標達成
王貞治,指導者は選手の可能性を信じることから始まる。,しどうしゃはせんしゅのかのうせいをしんじることからはじまる。,リーダーシップ
王貞治,野球に終わりはない。常に学び続けることが大切だ。,やきゅうにおわりはない。つねにまなびつづけることがたいせつだ。,学び
澤穂希,諦めない気持ちが奇跡を生む。,あきらめないきもちがきせきをうむ。,希望
澤穂希,チームワークが個人の力を超える。,ちーむわーくがこじんのちからをこえる。,チームワーク
澤穂希,困難な時こそ、チームが一つになれる。,こんなんなときこそ、ちーむがひとつになれる。,逆境
澤穂希,女子サッカーの未来のために戦い続けた。,じょしさっかーのみらいのためにたたかいつづけた。,挑戦
澤穂希,サッカーを通じて多くの仲間と出会えた。,さっかーをとおじておおくのなかまとであえた。,友情
澤穂希,努力は必ず報われる時が来る。,どりょくはかならずむくわれるときがくる。,努力
澤穂希,日本代表として戦えることに誇りを持っていた。,にほんだいひょうとしてたたかえることにほこりをもっていた。,感謝
澤穂希,ワールドカップ優勝は日本の力を世界に示した。,わーるどかっぷゆうしょうはにほんのちからをせかいにしめした。,勝利
澤穂希,失敗を恐れずに前に進むことが大切だ。,しっぱいをおそれずにまえにすすむことがたいせつだ。,挑戦
澤穂希,仲間を信じることから真の力が生まれる。,なかまをしんじることからしんのちからがうまれる。,信頼
澤穂希,夢を持ち続けることが何より大切だ。,ゆめをもちつづけることがなによりたいせつだ。,希望
澤穂希,リーダーは最後まで諦めない姿勢を見せることだ。,りーだーはさいごまであきらめないしせいをみせることだ。,リーダーシップ
澤穂希,東日本大震災の時、スポーツの力を実感した。,ひがしにほんだいしんさいのとき、すぽーつのちからをじっかんした。,希望
澤穂希,若い選手には可能性しかない。,わかいせんしゅにはかのうせいしかない。,希望
澤穂希,サッカーは一人では絶対にできないスポーツだ。,さっかーはひとりではぜったいにできないすぽーつだ。,チームワーク
澤穂希,挫折があったからこそ強くなれた。,ざせつがあったからこそつよくなれた。,逆境
澤穂希,目標に向かって一歩ずつ進むことが重要だ。,もくひょうにむかっていっぽずつすすむことがじゅうようだ。,目標達成
澤穂希,家族の支えがあったからこそここまで来れた。,かぞくのささえがあったからこそここまでこれた。,家族
澤穂希,サッカーから学んだことは人生に活かされている。,さっかーからまなんだことはじんせいにいかされている。,学び
ヘンリー・フォード,できると思うか、できないと思うか、それはどちらも正しい。,できるとおもうか、できないとおもうか、それはどちらもただしい。,成功
ヘンリー・フォード,失敗は成功のための新しい始まりである。,しっぱいはせいこうのためのあたらしいはじまりである。,挑戦
ヘンリー・フォード,品質とは、誰も見ていないときに正しいことをすることだ。,ひんしつとは、だれもみていないときにただしいことをすることだ。,哲学
ヘンリー・フォード,一緒に来ることは始まりである。一緒にいることは進歩である。一緒に働くことは成功である。,いっしょにくることははじまりである。いっしょにいることはしんぽである。いっしょにはたらくことはせいこうである。,チームワーク
ヘンリー・フォード,止まることは学習をやめることである。,とまることはがくしゅうをやめることである。,学び
ヘンリー・フォード,障害とは、目標から目を離したときに見えるものだ。,しょうがいとは、もくひょうからめをはなしたときにみえるものだ。,逆境
ヘンリー・フォード,成功の秘訣は、物事を他人の立場から見ることができることだ。,せいこうのひけつは、ものごとをたにんのたちばからみることができることだ。,リーダーシップ
ヘンリー・フォード,熱意は人生の基盤である。熱意なしに成功はない。,ねついはじんせいのきばんである。ねついなしにせいこうはない。,成功
ヘンリー・フォード,失敗は、より賢く再び始める機会である。,しっぱいは、よりかしこくふたたびはじめるきかいである。,挑戦
ヘンリー・フォード,考えることは最も困難な仕事である。だからほとんどの人がそれをしない。,かんがえることはもっともこんなんなしごとである。だからほとんどのひとがそれをしない。,知識
ヘンリー・フォード,顧客が欲しがるものを作るのではない。顧客が欲しがるであろうものを作るのだ。,こきゃくがほしがるものをつくるのではない。こきゃくがほしがるであろうものをつくるのだ。,起業
ヘンリー・フォード,私の最高の友人は、私の最高を引き出してくれる人だ。,わたしのさいこうのゆうじんは、わたしのさいこうをひきだしてくれるひとだ。,友情
ヘンリー・フォード,時間を節約することは命を節約することである。,じかんをせつやくすることはいのちをせつやくすることである。,効率化
ヘンリー・フォード,老年は機会である。ちょうど青年がそうであるように。,ろうねんはきかいである。ちょうどせいねんがそうであるように。,幸福
ヘンリー・フォード,労働者の賃金を上げることは経済全体を豊かにする。,ろうどうしゃのちんぎんをあげることはけいざいぜんたいをゆたかにする。,進歩
ヘンリー・フォード,大量生産の目的は、よりよいものをより安く提供することだ。,たいりょうせいさんのもくてきは、よりよいものをよりやすくていきょうすることだ。,技術革新
ヘンリー・フォード,経験は最良の教師である。ただし授業料が高い。,けいけんはさいりょうのきょうしである。ただしじゅぎょうりょうがたかい。,学び
ヘンリー・フォード,競争は健全であり、独占は不健全である。,きょうそうはけんぜんであり、どくせんはふけんぜんである。,哲学
ヘンリー・フォード,革新は想像力と意志力の産物である。,かくしんはそうぞうりょくといしりょくのさんぶつである。,創造性
スティーブ・ジョブズ,ハングリーであれ、愚かであれ。,はんぐりーであれ、おろかであれ。,挑戦
スティーブ・ジョブズ,点と点は後からつながる。,てんとてんはあとからつながる。,哲学
スティーブ・ジョブズ,素晴らしい仕事をする唯一の方法は、あなたのやっていることを愛することだ。,すばらしいしごとをするゆいいつのほうほうは、あなたのやっていることをあいすることだ。,成功
スティーブ・ジョブズ,イノベーションは無数のものを言わないことである。,いのべーしょんはむすうのものをいわないことである。,創造性
スティーブ・ジョブズ,死は生命の最高の発明である。,しはせいめいのさいこうのはつめいである。,哲学
スティーブ・ジョブズ,顧客が何を望んでいるかを聞く必要はない。,こきゃくがなにをのぞんでいるかをきくひつようはない。,起業
スティーブ・ジョブズ,シンプルさは究極の洗練である。,しんぷるさはきゅうきょくのせんれんである。,表現
スティーブ・ジョブズ,クレイジーな人たちがいる。反逆者、厄介者と呼ばれる人たち。彼らは世界を変える。,くれいじーなひとたちがいる。はんぎゃくしゃ、やっかいものとよばれるひとたち。かれらはせかいをかえる。,創造性
スティーブ・ジョブズ,偉大な製品をつくるには、それを愛する必要がある。,いだいなせいひんをつくるには、それをあいするひつようがある。,愛
スティーブ・ジョブズ,私たちはここにお金を儲けるために来たのではない。素晴らしい製品をつくるために来たのだ。,わたしたちはここにおかねをもうけるためにきたのではない。すばらしいせいひんをつくるためにきたのだ。,リーダーシップ
スティーブ・ジョブズ,テクノロジーだけでは十分ではない。テクノロジーとリベラルアーツの交差点に我々は立つ。,てくのろじーだけではじゅうぶんではない。てくのろじーとりべらるあーつのこうさてんにわれわれはたつ。,技術革新
スティーブ・ジョブズ,デザインとは、どう見えるか、どう感じるかではない。どう機能するかだ。,でざいんとは、どうみえるか、どうかんじるかではない。どうきのうするかだ。,表現
スティーブ・ジョブズ,アップルを追放されたことは、私の人生で起こった最高の出来事だった。,あっぷるをついほうされたことは、わたしのじんせいでおこったさいこうのできごとだった。,逆境
スティーブ・ジョブズ,今日が人生最後の日だとしたら、今日やろうとしていることをやりたいと思うか?,きょうがじんせいさいごのひだとしたら、きょうやろうとしていることをやりたいとおもうか?,哲学
スティーブ・ジョブズ,旅路こそが報酬である。,たびじこそがほうしゅうである。,幸福
スティーブ・ジョブズ,細部に神は宿る。,さいぶにかみはやどる。,表現
スティーブ・ジョブズ,スケールの大きな夢を見なければ意味がない。,すけーるのおおきなゆめをみなければいみがない。,目標設定
スティーブ・ジョブズ,美しいものをつくることで、世界を少しでも良い場所にしたい。,うつくしいものをつくることで、せかいをすこしでもよいばしょにしたい。,想像力
スティーブ・ジョブズ,完璧主義者であることは、素晴らしいことだ。,かんぺきしゅぎしゃであることは、すばらしいことだ。,成功
イーロン・マスク,失敗は選択肢の一つだ。もし失敗していないなら、十分にイノベーションを起こしていない。,しっぱいはせんたくしのひとつだ。もししっぱいしていないなら、じゅうぶんにいのべーしょんをおこしていない。,挑戦
イーロン・マスク,不可能だと思われていることを現実にするのが私の仕事だ。,ふかのうだとおもわれていることをげんじつにするのがわたしのしごとだ。,技術革新
イーロン・マスク,火星に行きたくない人がいるなんて理解できない。,かせいにいきたくないひとがいるなんてりかいできない。,宇宙
イーロン・マスク,持続可能なエネルギーの未来は避けられない。,じぞくかのうなえねるぎーのみらいはさけられない。,未来
イーロン・マスク,最初に物理の原理から考えることが重要だ。,さいしょにぶつりのげんりからかんがえることがじゅうようだ。,科学
イーロン・マスク,AIは人類にとって実存的リスクかもしれない。,えーあいはじんるいにとってじつぞんてきりすくかもしれない。,技術革新
イーロン・マスク,人類は多惑星種族になる必要がある。,じんるいはたわくせいしゅぞくになるひつようがある。,宇宙
イーロン・マスク,起業は地獄のような経験だ。,きぎょうはじごくのようなけいけんだ。,起業
イーロン・マスク,私は電気自動車で世界を変えたい。,わたしはでんきじどうしゃでせかいをかえたい。,環境
イーロン・マスク,フィードバックループは非常に重要だ。,ふぃーどばっくるーぷはひじょうにじゅうようだ。,学び
イーロン・マスク,忍耐は美徳だが、行動を怠る言い訳にしてはいけない。,にんたいはびとくだが、こうどうをおこたるいいわけにしてはいけない。,忍耐
イーロン・マスク,リスクを取らなければ、何も成し遂げられない。,りすくをとらなければ、なにもなしとげられない。,挑戦
イーロン・マスク,地球温暖化は解決しなければならない問題だ。,ちきゅうおんだんかはかいけつしなければならないもんだいだ。,地球
イーロン・マスク,優秀な人材を集めることが成功の鍵だ。,ゆうしゅうなじんざいをあつめることがせいこうのかぎだ。,リーダーシップ
イーロン・マスク,効率性は人類の未来にとって重要だ。,こうりつせいはじんるいのみらいにとってじゅうようだ。,効率化
イーロン・マスク,SpaceXの目標は宇宙旅行のコストを劇的に下げることだ。,すぺーすえっくすのもくひょうはうちゅうりょこうのこすとをげきてきにさげることだ。,宇宙
イーロン・マスク,常識を疑うことから革新は始まる。,じょうしきをうたがうことからかくしんははじまる。,創造性
イーロン・マスク,未来は明るいものになるはずだ。,みらいはあかるいものになるはずだ。,希望
ビル・ゲイツ,成功は最悪の教師だ。,せいこうはさいあくのきょうしだ。,学び
ビル・ゲイツ,失敗を恐れるな、学びを恐れるな。,しっぱいをおそれるな、まなびをおそれるな。,挑戦
ビル・ゲイツ,大部分の人は将来の変化を過大評価し、現在の変化を過小評価する。,だいぶぶんのひとはしょうらいのへんかをかだいひょうかし、げんざいのへんかをかしょうひょうかする。,未来
ビル・ゲイツ,情報技術と経営の融合が次の10年を決める。,じょうほうぎじゅつとけいえいのゆうごうがつぎのじゅうねんをきめる。,技術革新
ビル・ゲイツ,不満のあるお客様は最大の学習の源である。,ふまんのあるおきゃくさまはさいだいのがくしゅうのみなもとである。,学び
ビル・ゲイツ,私たちは常に明日に向けて、今日よりもよくなることを考えている。,わたしたちはつねにあしたにむけて、きょうよりもよくなることをかんがえている。,進歩
ビル・ゲイツ,インターネットは情報の民主化である。,いんたーねっとはじょうほうのみんしゅかである。,知識
ビル・ゲイツ,私たちの成功の鍵は、優秀な人材を雇うことだった。,わたしたちのせいこうのかぎは、ゆうしゅうなじんざいをやとうことだった。,リーダーシップ
ビル・ゲイツ,測定できないものは管理できない。,そくていできないものはかんりできない。,効率化
ビル・ゲイツ,慈善活動は私の人生で最もやりがいのある仕事だ。,じぜんかつどうはわたしのじんせいでもっともやりがいのあるしごとだ。,感謝
ビル・ゲイツ,貧困は自然災害ではない。人間がつくりだしたものだ。,ひんこんはしぜんさいがいではない。にんげんがつくりだしたものだ。,哲学
ビル・ゲイツ,教育への投資は、最も重要な投資である。,きょういくへのとうしは、もっともじゅうようなとうしである。,教養
ビル・ゲイツ,ソフトウェアは思考を具現化したものだ。,そふとうぇあはしこうをぐげんかしたものだ。,発明
ビル・ゲイツ,大学を中退したことは人生最大の賭けだった。,だいがくをちゅうたいしたことはじんせいさいだいのかけだった。,起業
ビル・ゲイツ,資本主義だけでは世界の不平等は解決できない。,しほんしゅぎだけではせかいのふびょうどうはかいけつできない。,哲学
ビル・ゲイツ,世界で最も困っている人々を助けることが私の使命だ。,せかいでもっともこまっているひとびとをたすけることがわたしのしめいだ。,愛
ビル・ゲイツ,読書は私の最大の趣味であり学習手段だ。,どくしょはわたしのさいだいのしゅみでありがくしゅうしゅだんだ。,学び
ビル・ゲイツ,楽観主義者は未来を発明する。,らっかんしゅぎしゃはみらいをはつめいする。,希望
ジェフ・ベゾス,失敗の規模を大きくすることが、成功の秘訣だ。,しっぱいのきぼをおおきくすることが、せいこうのひけつだ。,挑戦
ジェフ・ベゾス,長期的な視点を持て。,ちょうきてきなしてんをもて。,目標設定
ジェフ・ベゾス,顧客への執念こそがアマゾンの原動力だ。,こきゃくへのしゅうねんこそがあまぞんのげんどうりょくだ。,起業
ジェフ・ベゾス,Day 1の精神を常に保て。,でいわんのせいしんをつねにたもて。,リーダーシップ
ジェフ・ベゾス,あなたが70歳になったとき、後悔を最小化できる選択をしなさい。,あなたがななじゅっさいになったとき、こうかいをさいしょうかできるせんたくをしなさい。,哲学
ジェフ・ベゾス,インターネットは人類史上最大のライブラリーだ。,いんたーねっとはじんるいしじょうさいだいのらいぶらりーだ。,知識
ジェフ・ベゾス,効率性は怠け者の美徳である。,こうりつせいはなまけもののびとくである。,効率化
ジェフ・ベゾス,宇宙開発は人類の長期的な生存戦略だ。,うちゅうかいはつはじんるいのちょうきてきなせいぞんせんりゃくだ。,宇宙
ジェフ・ベゾス,新しい真実は常に少数派から始まる。,あたらしいしんじつはつねにしょうすうはからはじまる。,創造性
ジェフ・ベゾス,発明は偶然から生まれるものではない。,はつめいはぐうぜんからうまれるものではない。,発明
ジェフ・ベゾス,地球は宇宙で最高の惑星だ。これを守らなければならない。,ちきゅうはうちゅうでさいこうのわくせいだ。これをまもらなければならない。,地球
ジェフ・ベゾス,高い基準を持つことは、例外ではなく習慣にしなければならない。,たかいきじゅんをもつことは、れいがいではなくしゅうかんにしなければならない。,成功
ジェフ・ベゾス,ミッションは利益よりも重要だ。,みっしょんはりえきよりもじゅうようだ。,リーダーシップ
ジェフ・ベゾス,好奇心は学習の原動力である。,こうきしんはがくしゅうのげんどうりょくである。,学び
ジェフ・ベゾス,人生は短い。情熱を追い求めよう。,じんせいはみじかい。じょうねつをおいもとめよう。,幸福
ジェフ・ベゾス,今日の困難は明日の競争優位になる。,きょうのこんなんはあしたのきょうそうゆういになる。,逆境
ジェフ・ベゾス,家族は私の最も大切な投資だ。,かぞくはわたしのもっともたいせつなとうしだ。,家族
ジェフ・ベゾス,ブルーオリジンで宇宙の未来を切り開く。,ぶるーおりじんでうちゅうのみらいをきりひらく。,未来
ウォレン・バフェット,時間は友達だ、衝動は敵だ。,じかんはともだちだ、しょうどうはてきだ。,忍耐
ウォレン・バフェット,リスクは、自分が何をしているかを知らないことから生まれる。,りすくは、じぶんがなにをしているかをしらないことからうまれる。,知識
ウォレン・バフェット,価格は知っているが価値を知らない人が多すぎる。,かかくはしっているがかちをしらないひとがおおすぎる。,哲学
ウォレン・バフェット,他人が恐怖に陥っているときに貪欲であれ。,たにんがきょうふにおちいっているときにどんよくであれ。,逆境
ウォレン・バフェット,複利は世界で8番目の不思議である。,ふくりはせかいではちばんめのふしぎである。,成功
ウォレン・バフェット,投資の第一のルールは損をしないこと。第二のルールは第一のルールを忘れないことだ。,とうしのだいいちのるーるはそんをしないこと。だいにのるーるはだいいちのるーるをわすれないことだ。,哲学
ウォレン・バフェット,誠実さは高くつくかもしれないが、それ以外に道はない。,せいじつさはたかくつくかもしれないが、それいがいにみちはない。,信頼
ウォレン・バフェット,20年後も欲しいと思う株を買え。,にじゅうねんごもほしいとおもうかぶをかえ。,目標設定
ウォレン・バフェット,評判を築くには20年かかるが、それを壊すには5分で十分だ。,ひょうばんをきずくにはにじゅうねんかかるが、それをこわすにはごふんでじゅうぶんだ。,信頼
ウォレン・バフェット,最高の投資は自分自身への投資である。,さいこうのとうしはじぶんじしんへのとうしである。,学び
ウォレン・バフェット,私は毎日本を読む。知識は複利のように蓄積される。,わたしはまいにちほんをよむ。ちしきはふくりのようにちくせきされる。,教養
本田宗一郎,チャレンジして失敗を恐れるよりも、何もしないことを恐れろ。,ちゃれんじしてしっぱいをおそれるよりも、なにもしないことをおそれろ。,挑戦
本田宗一郎,人間は失敗する権利を持っている。しかし、同じ失敗を繰り返す権利は持っていない。,にんげんはしっぱいするけんりをもっている。しかし、おなじしっぱいをくりかえすけんりはもっていない。,学び
本田宗一郎,私には特別な才能はない。ただ、情熱的に好奇心を持っているだけだ。,わたしにはとくべつなさいのうはない。ただ、じょうねつてきにこうきしんをもっているだけだ。,創造性
本田宗一郎,私は会社の重役ではない。単なる技術屋だ。,わたしはかいしゃのじゅうやくではない。たんなるぎじゅつやだ。,リーダーシップ
本田宗一郎,理論は後からついてくる。,りろんはあとからついてくる。,技術革新
本田宗一郎,失敗しない人は何も挑戦していない人だ。,しっぱいしないひとはなにもちょうせんしていないひとだ。,挑戦
本田宗一郎,人を動かすことのできる人は、他人の気持ちになれる人である。,ひとをうごかすことのできるひとは、たにんのきもちになれるひとである。,リーダーシップ
本田宗一郎,考えているうちは仕事をしていない。,かんがえているうちはしごとをしていない。,効率化
本田宗一郎,研究開発において重要なのは失敗を恐れないことだ。,けんきゅうかいはつにおいてじゅうようなのはしっぱいをおそれないことだ。,発明
本田宗一郎,私は天才ではない。努力の人だ。,わたしはてんさいではない。どりょくのひとだ。,努力
本田宗一郎,企業は人なり。人を育てることが経営の根本だ。,きぎょうはひとなり。ひとをそだてることがけいえいのこんぽんだ。,リーダーシップ
本田宗一郎,自分でやれば人件費はかからない。,じぶんでやればじんけんひはかからない。,起業
本田宗一郎,現場を知らない人に技術は生まれない。,げんばをしらないひとにぎじゅつはうまれない。,技術革新
本田宗一郎,社長といえども、技術のことがわからなければ何もできない。,しゃちょうといえども、ぎじゅつのことがわからなければなにもできない。,リーダーシップ
本田宗一郎,私は研究も開発もしない。ただ作るだけだ。,わたしはけんきゅうもかいはつもしない。ただつくるだけだ。,創造性
本田宗一郎,学校を出ただけで一人前になったと思ったら大間違いだ。,がっこうをでただけでいちにんまえになったとおもったらおおまちがいだ。,学び
本田宗一郎,技術が人間を幸せにする。,ぎじゅつがにんげんをしあわせにする。,技術革新
本田宗一郎,人が困っていることを解決することが、我々の使命だ。,ひとがこまっていることをかいけつすることが、われわれのしめいだ。,感謝
本田宗一郎,明日のことなど分からない。だから今日を一生懸命生きるのだ。,あしたのことなどわからない。だからきょうをいっしょうけんめいいきるのだ。,哲学
本田宗一郎,失敗とは、新しい発見への入り口だ。,しっぱいとは、あたらしいはっけんへのいりぐちだ。,発明
本田宗一郎,喜びも悲しみも人と分かち合って初めて価値が生まれる。,よろこびもかなしみもひととわかちあってはじめてかちがうまれる。,絆
松下幸之助,感謝の心が人を育て、感謝の心が自分を育てる。,かんしゃのこころがひとをそだて、かんしゃのこころがじぶんをそだてる。,感謝
松下幸之助,経営は総合芸術である。,けいえいはそうごうげいじゅつである。,表現
リチャード・ブランソン,家族が人生で最も大切なものだ。,かぞくがじんせいでもっともたいせつなものだ。,家族
リチャード・ブランソン,地球は我々全員の家だ。大切にしなければならない。,ちきゅうはわれわれぜんいんのいえだ。たいせつにしなければならない。,地球
リチャード・ブランソン,音楽は魂の言語だ。,おんがくはたましいのげんごだ。,音楽
エイブラハム・リンカーン,勝利への道のりには必ず敗北が含まれている。,しょうりへのみちのりにはかならずはいぼくがふくまれている。,勝利
エイブラハム・リンカーン,祈りは弱者の最後の武器ではない。強者の最初の武器である。,いのりはじゃくしゃのさいごのぶきではない。きょうしゃのさいしょのぶきである。,祈り
エイブラハム・リンカーン,文学は人間の魂を映す鏡である。,ぶんがくはにんげんのたましいをうつすかがみである。,文学
ジョン・F・ケネディ,宇宙は人類共通の遺産である。,うちゅうはじんるいきょうつうのいさんである。,宇宙
ジョン・F・ケネディ,想像力は知識よりも重要である。,そうぞうりょくはちしきよりもじゅうようである。,想像力
セオドア・ルーズベルト,自然の中にこそ、真の美しさがある。,しぜんのなかにこそ、しんのうつくしさがある。,自然
セオドア・ルーズベルト,絵画は心の窓である。,かいがはこころのまどである。,絵画
ロナルド・レーガン,人生は一度きりしかない。笑いながら生きよう。,じんせいはいちどきりしかない。わらいながらいきよう。,笑い
ロナルド・レーガン,批判ばかりしていては何も生まれない。建設的な議論を心がけよう。,ひはんばかりしていてはなにもうまれない。けんせつてきなぎろんをこころがけよう。,風刺
マーティン・ルーサー・キング・ジュニア,魂の強さこそが真の力である。,たましいのつよさこそがしんのちからである。,魂
マーティン・ルーサー・キング・ジュニア,生命はすべて神聖なものである。,せいめいはすべてしんせいなものである。,生命
松下幸之助,素直な心を持ち、何事からも学ぶ姿勢があれば、必ず成長できる。,すなおなこころをもち、なにごとからもまなぶしせいがあれば、かならずせいちょうできる。,学び
松下幸之助,失敗は成功のもと。しかし、同じ失敗を繰り返してはいけない。,しっぱいはせいこうのもと。しかし、おなじしっぱいをくりかえしてはいけない。,成功
松下幸之助,商売は感謝に始まり感謝に終わる。,しょうばいはかんしゃにはじまりかんしゃにおわる。,感謝
松下幸之助,私は運が良かっただけだ。,わたしはうんがよかっただけだ。,哲学
松下幸之助,人を育てるのは人である。,ひとをそだてるのはひとである。,リーダーシップ
松下幸之助,心配は無用、何とかなるものである。,しんぱいはむよう、なんとかなるものである。,希望
松下幸之助,転んでもただでは起きない。,ころんでもただではおきない。,逆境
松下幸之助,経営は創造である。,けいえいはそうぞうである。,創造性
松下幸之助,志を立てることから人生は始まる。,こころざしをたてることからじんせいははじまる。,目標設定
松下幸之助,真の商売は先義後利である。,しんのしょうばいはせんぎこうりである。,哲学
松下幸之助,人は誰でも、よりよく生きたいと願っている。,ひとはだれでも、よりよくいきたいとねがっている。,幸福
松下幸之助,困った、困ったと言えば、知恵は出てこない。,こまった、こまったといえば、ちえはでてこない。,知識
松下幸之助,迷いながらも歩き続ければ道は開ける。,まよいながらもあるきつづければみちはひらける。,希望
松下幸之助,人の長所を見る人は栄え、短所を見る人は滅びる。,ひとのちょうしょをみるひとはさかえ、たんしょをみるひとはほろびる。,リーダーシップ
松下幸之助,商売の秘訣は正直にある。,しょうばいのひけつはしょうじきにある。,信頼
松下幸之助,成功する人は、失敗から学ぶことができる人である。,せいこうするひとは、しっぱいからまなぶことができるひとである。,成功
松下幸之助,心配は、先を考えることではない。先を憂うることである。,しんぱいは、さきをかんがえることではない。さきをうれうことである。,哲学
松下幸之助,商売は世の中のためになることをすれば、必ず成功する。,しょうばいはよのなかのためになることをすれば、かならずせいこうする。,感謝
松下幸之助,人生には、坂道が三つある。上り坂、下り坂、そして、まさか。,じんせいには、さかみちがみっつある。のぼりざか、くだりざか、そして、まさか。,ユーモア
リチャード・ブランソン,ビジネスは冒険だ。,びじねすはぼうけんだ。,起業
リチャード・ブランソン,限界は自分で決めるものだ。,げんかいはじぶんできめるものだ。,挑戦
リチャード・ブランソン,楽しくなければ、やる価値がない。,たのしくなければ、やるかちがない。,幸福
リチャード・ブランソン,大企業は小さく考え、小企業は大きく考える。,だいきぎょうはちいさくかんがえ、しょうきぎょうはおおきくかんがえる。,起業
リチャード・ブランソン,従業員を大切にしなさい。彼らが顧客を大切にしてくれる。,じゅうぎょういんをたいせつにしなさい。かれらがこきゃくをたいせつにしてくれる。,リーダーシップ
リチャード・ブランソン,イエスと言いなさい。そして、あとでやり方を学べばいい。,いえすといいなさい。そして、あとでやりかたをまなべばいい。,挑戦
リチャード・ブランソン,失敗は学習の一部だ。失敗を恐れるな。,しっぱいはがくしゅうのいちぶだ。しっぱいをおそれるな。,学び
リチャード・ブランソン,変化を恐れる者は、成長することができない。,へんかをおそれるものは、せいちょうすることができない。,進歩
リチャード・ブランソン,新しいアイデアに挑戦し続けることが重要だ。,あたらしいあいであにちょうせんしつづけることがじゅうようだ。,創造性
リチャード・ブランソン,顧客が望んでいることを超えて提供しなさい。,こきゃくがのぞんでいることをこえてていきょうしなさい。,起業
リチャード・ブランソン,ルールは破るためにある。,るーるはやぶるためにある。,技術革新
リチャード・ブランソン,リスクを取らなければ、何も得ることはできない。,りすくをとらなければ、なにもえることはできない。,挑戦
リチャード・ブランソン,人生は短い。だから楽しみなさい。,じんせいはみじかい。だからたのしみなさい。,幸福
リチャード・ブランソン,最高のビジネスは、世界をより良い場所にするものだ。,さいこうのびじねすは、せかいをよりよいばしょにするものだ。,希望
リチャード・ブランソン,起業家精神は、夢を現実にする力だ。,きぎょうかせいしんは、ゆめをげんじつにするちからだ。,起業
リチャード・ブランソン,競争相手と友好関係を保つことは重要だ。,きょうそうあいてとゆうこうかんけいをたもつことはじゅうようだ。,友情
リチャード・ブランソン,宇宙は、人類の次なるフロンティアだ。,うちゅうは、じんるいのつぎなるふろんてぃあだ。,宇宙
リチャード・ブランソン,常識を疑うことから、イノベーションが生まれる。,じょうしきをうたがうことから、いのべーしょんがうまれる。,技術革新
リチャード・ブランソン,情熱がなければ、何事も成し遂げることはできない。,じょうねつがなければ、なにごともなしとげることはできない。,成功
エイブラハム・リンカーン,もし自分が二つの顔を持っているなら、この顔を使うと思うか?,もしじぶんがふたつのかおをもっているなら、このかおをつかうとおもうか?,ユーモア
エイブラハム・リンカーン,人民の、人民による、人民のための政治。,じんみんの、じんみんによる、じんみんのためのせいじ。,リーダーシップ
エイブラハム・リンカーン,人は自分が幸福であると決意したその分だけ幸福である。,ひとはじぶんがこうふくであるとけついしたそのぶんだけこうふくである。,幸福
エイブラハム・リンカーン,最善を尽くす。それがあなたにできるすべてである。,さいぜんをつくす。それがあなたにできるすべてである。,努力
エイブラハム・リンカーン,私は歩くのが遅いが、決して後戻りはしない。,わたしはあるくのがおそいが、けっしてあともどりはしない。,忍耐
エイブラハム・リンカーン,未来を予測する最良の方法は、未来を創造することだ。,みらいをよそくするさいりょうのほうほうは、みらいをそうぞうすることだ。,未来
エイブラハム・リンカーン,大衆の多くを一時的に欺くことはできる。しかし、すべての人を永続的に欺くことはできない。,たいしゅうのおおくをいちじてきにあざむくことはできる。しかし、すべてのひとをえいぞくてきにあざむくことはできない。,哲学
エイブラハム・リンカーン,他人の自由を否定する者は、自分自身の自由を受ける資格がない。,たにんのじゆうをひていするものは、じぶんじしんのじゆうをうけるしかくがない。,哲学
エイブラハム・リンカーン,十年間木を倒すのに六時間を与えられたら、私は最初の四時間を斧を研ぐのに費やすだろう。,じゅうねんかんきをたおすのにろくじかんをあたえられたら、わたしはさいしょのよじかんをおのをとぐのについやすだろう。,目標設定
エイブラハム・リンカーン,敵を友人にする最良の方法は、敵と友達になることだ。,てきをゆうじんにするさいりょうのほうほうは、てきとともだちになることだ。,友情
エイブラハム・リンカーン,私は人々の望むところに従って行動するのではなく、良心の命ずるところに従って行動する。,わたしはひとびとののぞむところにしたがってこうどうするのではなく、りょうしんのめいずるところにしたがってこうどうする。,哲学
エイブラハム・リンカーン,私たちは皆、同じ月を見ている。,わたしたちはみな、おなじつきをみている。,絆
エイブラハム・リンカーン,どんな人でも、褒められれば悪い気はしないものだ。,どんなひとでも、ほめられればわるいきはしないものだ。,友情
エイブラハム・リンカーン,奴隷制度の擁護者たちが言うことは、白人にとっては労働であり、黒人にとっては奴隷制度だということだ。,どれいせいどのようごしゃたちがいうことは、はくじんにとってはろうどうであり、こくじんにとってはどれいせいどだということだ。,哲学
エイブラハム・リンカーン,木を倒すのに八時間与えられたら、私はまず六時間を斧を研ぐのに費やす。,きをたおすのにはちじかんあたえられたら、わたしはまずろくじかんをおのをとぐのについやす。,効率化
エイブラハム・リンカーン,誠実さは最良の政策である。,せいじつさはさいりょうのせいさくである。,信頼
エイブラハム・リンカーン,この国は神の下で、新しい自由の誕生を見るだろう。,このくにはかみのもとで、あたらしいじゆうのたんじょうをみるだろう。,希望
エイブラハム・リンカーン,沈黙しているより、愚かなことを言って愚か者だと思われる方がよい。,ちんもくしているより、おろかなことをいっておろかものだとおもわれるほうがよい。,表現
エイブラハム・リンカーン,今日の決断が明日の歴史を作る。,きょうのけつだんがあしたのれきしをつくる。,リーダーシップ
ジョン・F・ケネディ,国があなたに何をしてくれるかを問うのではなく、あなたが国に何をできるかを問おう。,くにがあなたになにをしてくれるかをとうのではなく、あなたがくにになにをできるかをとおう。,リーダーシップ
ジョン・F・ケネディ,困難の中にこそ、機会がある。,こんなんのなかにこそ、きかいがある。,逆境
ジョン・F・ケネディ,私たちは月へ行くことを選んだ。それが簡単だからではなく、困難だからだ。,わたしたちはつきへいくことをえらんだ。それがかんたんだからではなく、こんなんだからだ。,宇宙
ジョン・F・ケネディ,変化は人生の法則だ。過去や現在だけを見る者は未来を見失う。,へんかはじんせいのほうそくだ。かこやげんざいだけをみるものはみらいをみうしなう。,進歩
ジョン・F・ケネディ,一人の人間が差を生み出すことができる。そして、誰もがそれを試みるべきだ。,ひとりのにんげんがさをうみだすことができる。そして、だれもがそれをこころみるべきだ。,挑戦
ジョン・F・ケネディ,平和を願うだけでは平和は来ない。平和のために働かなければならない。,へいわをねがうだけではへいわはこない。へいわのためにはたらかなければならない。,努力
ジョン・F・ケネディ,真の指導者は現状に満足しない。,しんのしどうしゃはげんじょうにまんぞくしない。,リーダーシップ
ジョン・F・ケネディ,努力と勇気だけでは十分ではない。目的と方向性がなければならない。,どりょくとゆうきだけではじゅうぶんではない。もくてきとほうこうせいがなければならない。,目標設定
ジョン・F・ケネディ,自由は分割できない。一人が奴隷化されている限り、誰も完全に自由ではない。,じゆうはぶんかつできない。ひとりがどれいかされているかぎり、だれもかんぜんにじゆうではない。,哲学
ジョン・F・ケネディ,我々の進歩は問題を解決する意志にかかっている。,われわれのしんぽはもんだいをかいけつするいしにかかっている。,進歩
ジョン・F・ケネディ,時間は敵でも味方でもない。時間は中立だ。,じかんはてきでもみかたでもない。じかんはちゅうりつだ。,哲学
ジョン・F・ケネディ,知識は権力だが、それ以上に重要なのは知識の使い方を知ることだ。,ちしきはけんりょくだが、それいじょうにじゅうようなのはちしきのつかいかたをしることだ。,知識
ジョン・F・ケネディ,教育の目標は忠実な市民を作ることではなく、批判的に考える人々を作ることだ。,きょういくのもくひょうはちゅうじつなしみんをつくることではなく、ひはんてきにかんがえるひとびとをつくることだ。,教養
ジョン・F・ケネディ,科学技術は答えを与えてくれるが、人間がその質問をしなければならない。,かがくぎじゅつはこたえをあたえてくれるが、にんげんがそのしつもんをしなければならない。,科学
ジョン・F・ケネディ,許すことは忘れることではない。許すことは記憶することだ。,ゆるすことはわすれることではない。ゆるすことはきおくすることだ。,愛
ジョン・F・ケネディ,芸術は我々がどこから来たのかを思い出させ、どこへ向かうのかを示してくれる。,げいじゅつはわれわれがどこからきたのかをおもいださせ、どこへむかうのかをしめしてくれる。,表現
ジョン・F・ケネディ,今日の敵は明日の友になり得る。,きょうのてきはあしたのともになりうる。,友情
ジョン・F・ケネディ,私たちの未来は我々自身の手の中にある。,わたしたちのみらいはわれわれじしんのてのなかにある。,未来
ジョン・F・ケネディ,世界平和のためには、まず国内の平和が必要だ。,せかいへいわのためには、まずこくないのへいわがひつようだ。,調和
セオドア・ルーズベルト,話は静かに、しかし大きな棒を持て。,はなしはしずかに、しかしおおきなぼうをもて。,リーダーシップ
セオドア・ルーズベルト,アリーナに立つ人こそが称賛に値する。,ありーなにたつひとこそがしょうさんにあたいする。,挑戦
セオドア・ルーズベルト,何もしないことが最大の危険である。,なにもしないことがさいだいのきけんである。,挑戦
セオドア・ルーズベルト,大胆な行動を取ることだ。たとえ失敗しても、何もしないよりはマシだ。,だいたんなこうどうをとることだ。たとえしっぱいしても、なにもしないよりはましだ。,挑戦
セオドア・ルーズベルト,準備ができていなくても、今いる場所で、持っているもので、できることをやれ。,じゅんびができていなくても、いまいるばしょで、もっているもので、できることをやれ。,効率化
セオドア・ルーズベルト,比較は喜びの泥棒である。,ひかくはよろこびのどろぼうである。,幸福
セオドア・ルーズベルト,信じることができれば、あなたは道半ばまで来ている。,しんじることができれば、あなたはみちなかばまできている。,哲学
セオドア・ルーズベルト,偉大なことをしようとする者は、決して安全な道を選ばない。,いだいなことをしようとするものは、けっしてあんぜんなみちをえらばない。,挑戦
セオドア・ルーズベルト,知識なき行動は危険である。しかし、行動なき知識は無用である。,ちしきなきこうどうはきけんである。しかし、こうどうなきちしきはむようである。,知識
セオドア・ルーズベルト,昨日のことは変えられない。明日は不確実だ。しかし今日は贈り物だ。,きのうのことはかえられない。あしたはふかくじつだ。しかしきょうはおくりものだ。,幸福
セオドア・ルーズベルト,遥かなる星を目指せ。失敗しても、少なくとも月には届くだろう。,はるかなるほしをめざせ。しっぱいしても、すくなくともつきにはとどくだろう。,目標達成
セオドア・ルーズベルト,自分の能力を信じることが、成功への第一歩だ。,じぶんののうりょくをしんじることが、せいこうへのだいいっぽだ。,挑戦
セオドア・ルーズベルト,困難な時こそ、真の品格が現れる。,こんなんなときこそ、しんのひんかくがあらわれる。,逆境
セオドア・ルーズベルト,チームワークは普通の人々が非凡な結果を達成することを可能にする。,ちーむわーくはふつうのひとびとがひぼんなけっかをたっせいすることをかのうにする。,チームワーク
セオドア・ルーズベルト,勇気とは、恐怖がないことではない。恐怖を感じながらも正しいことをすることだ。,ゆうきとは、きょうふがないことではない。きょうふをかんじながらもただしいことをすることだ。,挑戦
セオドア・ルーズベルト,自然を保護することは、未来の世代に対する我々の義務だ。,しぜんをほごすることは、みらいのせだいにたいするわれわれのぎむだ。,環境
セオドア・ルーズベルト,品格は誰も見ていないときにあなたがどう行動するかで決まる。,ひんかくはだれもみていないときにあなたがどうこうどうするかできまる。,哲学
セオドア・ルーズベルト,教育の価値は、学校を出た後に学んだことが残っているかどうかで測られる。,きょういくのかちは、がっこうをでたあとにまなんだことがのこっているかどうかではかられる。,教養
セオドア・ルーズベルト,批判する人ではなく、実際に努力する人になれ。,ひはんするひとではなく、じっさいにどりょくするひとになれ。,努力
ロナルド・レーガン,成功に近道はない。,せいこうにちかみちはない。,成功
ロナルド・レーガン,困難は我々を強くする。,こんなんはわれわれをつよくする。,逆境
ロナルド・レーガン,政府が問題の解決策ではない。政府が問題なのだ。,せいふがもんだいのかいけつさくではない。せいふがもんだいなのだ。,成功
ロナルド・レーガン,自由は一世代で失われることがある。,じゆうはいちせだいでうしなわれることがある。,幸福
ロナルド・レーガン,平和は力による。力は勇気による。,へいわはちからによる。ちからはゆうきによる。,調和
ロナルド・レーガン,誰の手柄かを気にしなければ、どれだけ多くのことが成し遂げられるか分からない。,だれのてがらかをきにしなければ、どれだけおおくのことがなしとげられるかわからない。,チームワーク
ロナルド・レーガン,我々は運命の奴隷ではない。我々は運命の主人だ。,われわれはうんめいのどれいではない。われわれはうんめいのしゅじんだ。,リーダーシップ
ロナルド・レーガン,地球の表面には上があり下がある。アメリカの表面には左があり右がある。,ちきゅうのひょうめんにはうえがありしたがある。あめりかのひょうめんにはひだりがありみぎがある。,ユーモア
ロナルド・レーガン,楽観主義者は困難の中にチャンスを見つける。,らっかんしゅぎしゃはこんなんのなかにちゃんすをみつける。,希望
ロナルド・レーガン,規制緩和は政府の最大の貢献である。,きせいかんわはせいふのさいだいのこうけんである。,起業
ロナルド・レーガン,信頼するが、検証せよ。,しんらいするが、けんしょうせよ。,信頼
ロナルド・レーガン,年を取ったから遊ばなくなるのではない。遊ばなくなるから年を取るのだ。,としをとったからあそばなくなるのではない。あそばなくなるからとしをとるのだ。,希望
ロナルド・レーガン,アメリカの一番美しいところは、無限の可能性を持つことだ。,あめりかのいちばんうつくしいところは、むげんのかのうせいをもつことだ。,希望
ロナルド・レーガン,経済は複雑な仕組みではない。人々が働き、貯蓄し、投資することだ。,けいざいはふくざつなしくみではない。ひとびとがはたらき、ちょちくし、とうしすることだ。,起業
ロナルド・レーガン,起業家精神はアメリカの魂だ。,きぎょうかせいしんはあめりかのたましいだ。,起業
ロナルド・レーガン,変化を恐れてはいけない。変化しないことを恐れるべきだ。,へんかをおそれてはいけない。へんかしないことをおそれるべきだ。,進歩
ロナルド・レーガン,未来は勇気ある者のものだ。,みらいはゆうきあるもののものだ。,未来
ロナルド・レーガン,個人の責任こそが社会の基盤だ。,こじんのせきにんこそがしゃかいのきばんだ。,リーダーシップ
ロナルド・レーガン,政治家にとって最も危険な言葉は「政府がお手伝いします」だ。,せいじかにとってもっともきけんなことばは「せいふがおてつだいします」だ。,機知
マーティン・ルーサー・キング・ジュニア,最大の悲劇は、悪人の暴力ではなく、善人の沈黙だ。,さいだいのひげきは、あくにんのぼうりょくではなく、ぜんじんのちんもくだ。,哲学
マーティン・ルーサー・キング・ジュニア,私には夢がある。,わたしにはゆめがある。,希望
マーティン・ルーサー・キング・ジュニア,困難は、私たちの品格を測る物差しだ。,こんなんは、わたしたちのひんかくをはかるものさしだ。,逆境
マーティン・ルーサー・キング・ジュニア,憎しみは憎しみを追い払うことはできない。愛だけがそれを成し遂げることができる。,にくしみはにくしみをおいはらうことはできない。あいだけがそれをなしとげることができる。,愛
マーティン・ルーサー・キング・ジュニア,正義の遅れは正義の否定である。,せいぎのおくれはせいぎのひていである。,哲学
マーティン・ルーサー・キング・ジュニア,暗闇は暗闇を追い払うことはできない。光だけがそれを成し遂げることができる。,くらやみはくらやみをおいはらうことはできない。ひかりだけがそれをなしとげることができる。,希望
マーティン・ルーサー・キング・ジュニア,人は飛ぶことを学ばなければならない。しかし、まず歩くことを学ばなければならない。,ひとはとぶことをまなばなければならない。しかし、まずあるくことをまなばなければならない。,学び
マーティン・ルーサー・キング・ジュニア,非暴力は弱者の武器ではない。勇気ある者の武器である。,ひぼうりょくはじゃくしゃのぶきではない。ゆうきあるもののぶきである。,挑戦
マーティン・ルーサー・キング・ジュニア,私たちは皆、互いに依存しあって生きている。,わたしたちはみな、たがいにいぞんしあっていきている。,絆
マーティン・ルーサー・キング・ジュニア,信仰は、階段全体を見ることができなくても、第一歩を踏み出すことである。,しんこうは、かいだんぜんたいをみることができなくても、だいいっぽをふみだすことである。,信仰
マーティン・ルーサー・キング・ジュニア,教育の機能は、人に深く集中的に考えることを教えることだ。,きょういくのきのうは、ひとにふかくしゅうちゅうてきにかんがえることをおしえることだ。,教養
マーティン・ルーサー・キング・ジュニア,真の平和は単に緊張の欠如ではなく、正義の存在である。,しんのへいわはたんにきんちょうのけつじょではなく、せいぎのそんざいである。,調和
マーティン・ルーサー・キング・ジュニア,人生の意味は、何を成し遂げるかではなく、何のために立ち上がるかだ。,じんせいのいみは、なにをなしとげるかではなく、なにのためにたちあがるかだ。,目標設定
マーティン・ルーサー・キング・ジュニア,自由は決して抑圧者から自発的に与えられることはない。被抑圧者が要求しなければならない。,じゆうはけっしてよくあつしゃからじはつてきにあたえられることはない。ひよくあつしゃがようきゅうしなければならない。,幸福
マーティン・ルーサー・キング・ジュニア,愛は唯一の力であり、憎悪を愛に変える力である。,あいはゆいいつのちからであり、ぞうおをあいにかえるちからである。,愛
マーティン・ルーサー・キング・ジュニア,私たちの生は、死ぬ日に終わるのではない。私たちが沈黙する日に終わるのだ。,わたしたちのせいは、しぬひにおわるのではない。わたしたちがちんもくするひにおわるのだ。,挑戦
マーティン・ルーサー・キング・ジュニア,道徳的な宇宙の弧は長いが、正義に向かって曲がっている。,どうとくてきなうちゅうのこはながいが、せいぎにむかってまがっている。,希望
マーティン・ルーサー・キング・ジュニア,何かのために死ぬ覚悟のない人は、生きる価値がない。,なにかのためにしぬかくごのないひとは、いきるかちがない。,哲学
マーティン・ルーサー・キング・ジュニア,人間は兄弟として共に生きることを学ぶか、愚か者として共に滅びるかのどちらかだ。,にんげんはきょうだいとしてともにいきることをまなぶか、おろかものとしてともにほろびるかのどちらかだ。,絆
